,¿øÀÚ·á.1
2010-12-20,3.94
2010-12-21,3.94
2010-12-22,3.94
2010-12-23,3.94
2010-12-24,3.94
2010-12-25,3.94
2010-12-26,3.94
2010-12-27,3.94
2010-12-28,3.94
2010-12-29,3.94
2010-12-30,3.94
2010-12-31,3.94
2011-01-01,4.17
2011-01-02,4.17
2011-01-03,4.17
2011-01-04,4.17
2011-01-05,4.17
2011-01-06,4.17
2011-01-07,4.17
2011-01-08,4.17
2011-01-09,4.17
2011-01-10,4.17
2011-01-11,4.17
2011-01-12,4.17
2011-01-13,4.17
2011-01-14,4.17
2011-01-15,4.17
2011-01-16,4.17
2011-01-17,4.17
2011-01-18,4.17
2011-01-19,4.17
2011-01-20,4.17
2011-01-21,4.17
2011-01-22,4.17
2011-01-23,4.17
2011-01-24,4.17
2011-01-25,4.17
2011-01-26,4.17
2011-01-27,4.17
2011-01-28,4.17
2011-01-29,4.17
2011-01-30,4.17
2011-01-31,4.17
2011-02-01,4.42
2011-02-02,4.42
2011-02-03,4.42
2011-02-04,4.42
2011-02-05,4.42
2011-02-06,4.42
2011-02-07,4.42
2011-02-08,4.42
2011-02-09,4.42
2011-02-10,4.42
2011-02-11,4.42
2011-02-12,4.42
2011-02-13,4.42
2011-02-14,4.42
2011-02-15,4.42
2011-02-16,4.42
2011-02-17,4.42
2011-02-18,4.42
2011-02-19,4.42
2011-02-20,4.42
2011-02-21,4.42
2011-02-22,4.42
2011-02-23,4.42
2011-02-24,4.42
2011-02-25,4.42
2011-02-26,4.42
2011-02-27,4.42
2011-02-28,4.42
2011-03-01,4.47
2011-03-02,4.47
2011-03-03,4.47
2011-03-04,4.47
2011-03-05,4.47
2011-03-06,4.47
2011-03-07,4.47
2011-03-08,4.47
2011-03-09,4.47
2011-03-10,4.47
2011-03-11,4.47
2011-03-12,4.47
2011-03-13,4.47
2011-03-14,4.47
2011-03-15,4.47
2011-03-16,4.47
2011-03-17,4.47
2011-03-18,4.47
2011-03-19,4.47
2011-03-20,4.47
2011-03-21,4.47
2011-03-22,4.47
2011-03-23,4.47
2011-03-24,4.47
2011-03-25,4.47
2011-03-26,4.47
2011-03-27,4.47
2011-03-28,4.47
2011-03-29,4.47
2011-03-30,4.47
2011-03-31,4.47
2011-04-01,4.41
2011-04-02,4.41
2011-04-03,4.41
2011-04-04,4.41
2011-04-05,4.41
2011-04-06,4.41
2011-04-07,4.41
2011-04-08,4.41
2011-04-09,4.41
2011-04-10,4.41
2011-04-11,4.41
2011-04-12,4.41
2011-04-13,4.41
2011-04-14,4.41
2011-04-15,4.41
2011-04-16,4.41
2011-04-17,4.41
2011-04-18,4.41
2011-04-19,4.41
2011-04-20,4.41
2011-04-21,4.41
2011-04-22,4.41
2011-04-23,4.41
2011-04-24,4.41
2011-04-25,4.41
2011-04-26,4.41
2011-04-27,4.41
2011-04-28,4.41
2011-04-29,4.41
2011-04-30,4.41
2011-05-01,4.4
2011-05-02,4.4
2011-05-03,4.4
2011-05-04,4.4
2011-05-05,4.4
2011-05-06,4.4
2011-05-07,4.4
2011-05-08,4.4
2011-05-09,4.4
2011-05-10,4.4
2011-05-11,4.4
2011-05-12,4.4
2011-05-13,4.4
2011-05-14,4.4
2011-05-15,4.4
2011-05-16,4.4
2011-05-17,4.4
2011-05-18,4.4
2011-05-19,4.4
2011-05-20,4.4
2011-05-21,4.4
2011-05-22,4.4
2011-05-23,4.4
2011-05-24,4.4
2011-05-25,4.4
2011-05-26,4.4
2011-05-27,4.4
2011-05-28,4.4
2011-05-29,4.4
2011-05-30,4.4
2011-05-31,4.4
2011-06-01,4.33
2011-06-02,4.33
2011-06-03,4.33
2011-06-04,4.33
2011-06-05,4.33
2011-06-06,4.33
2011-06-07,4.33
2011-06-08,4.33
2011-06-09,4.33
2011-06-10,4.33
2011-06-11,4.33
2011-06-12,4.33
2011-06-13,4.33
2011-06-14,4.33
2011-06-15,4.33
2011-06-16,4.33
2011-06-17,4.33
2011-06-18,4.33
2011-06-19,4.33
2011-06-20,4.33
2011-06-21,4.33
2011-06-22,4.33
2011-06-23,4.33
2011-06-24,4.33
2011-06-25,4.33
2011-06-26,4.33
2011-06-27,4.33
2011-06-28,4.33
2011-06-29,4.33
2011-06-30,4.33
2011-07-01,4.33
2011-07-02,4.33
2011-07-03,4.33
2011-07-04,4.33
2011-07-05,4.33
2011-07-06,4.33
2011-07-07,4.33
2011-07-08,4.33
2011-07-09,4.33
2011-07-10,4.33
2011-07-11,4.33
2011-07-12,4.33
2011-07-13,4.33
2011-07-14,4.33
2011-07-15,4.33
2011-07-16,4.33
2011-07-17,4.33
2011-07-18,4.33
2011-07-19,4.33
2011-07-20,4.33
2011-07-21,4.33
2011-07-22,4.33
2011-07-23,4.33
2011-07-24,4.33
2011-07-25,4.33
2011-07-26,4.33
2011-07-27,4.33
2011-07-28,4.33
2011-07-29,4.33
2011-07-30,4.33
2011-07-31,4.33
2011-08-01,4.19
2011-08-02,4.19
2011-08-03,4.19
2011-08-04,4.19
2011-08-05,4.19
2011-08-06,4.19
2011-08-07,4.19
2011-08-08,4.19
2011-08-09,4.19
2011-08-10,4.19
2011-08-11,4.19
2011-08-12,4.19
2011-08-13,4.19
2011-08-14,4.19
2011-08-15,4.19
2011-08-16,4.19
2011-08-17,4.19
2011-08-18,4.19
2011-08-19,4.19
2011-08-20,4.19
2011-08-21,4.19
2011-08-22,4.19
2011-08-23,4.19
2011-08-24,4.19
2011-08-25,4.19
2011-08-26,4.19
2011-08-27,4.19
2011-08-28,4.19
2011-08-29,4.19
2011-08-30,4.19
2011-08-31,4.19
2011-09-01,4.14
2011-09-02,4.14
2011-09-03,4.14
2011-09-04,4.14
2011-09-05,4.14
2011-09-06,4.14
2011-09-07,4.14
2011-09-08,4.14
2011-09-09,4.14
2011-09-10,4.14
2011-09-11,4.14
2011-09-12,4.14
2011-09-13,4.14
2011-09-14,4.14
2011-09-15,4.14
2011-09-16,4.14
2011-09-17,4.14
2011-09-18,4.14
2011-09-19,4.14
2011-09-20,4.14
2011-09-21,4.14
2011-09-22,4.14
2011-09-23,4.14
2011-09-24,4.14
2011-09-25,4.14
2011-09-26,4.14
2011-09-27,4.14
2011-09-28,4.14
2011-09-29,4.14
2011-09-30,4.14
2011-10-01,4.25
2011-10-02,4.25
2011-10-03,4.25
2011-10-04,4.25
2011-10-05,4.25
2011-10-06,4.25
2011-10-07,4.25
2011-10-08,4.25
2011-10-09,4.25
2011-10-10,4.25
2011-10-11,4.25
2011-10-12,4.25
2011-10-13,4.25
2011-10-14,4.25
2011-10-15,4.25
2011-10-16,4.25
2011-10-17,4.25
2011-10-18,4.25
2011-10-19,4.25
2011-10-20,4.25
2011-10-21,4.25
2011-10-22,4.25
2011-10-23,4.25
2011-10-24,4.25
2011-10-25,4.25
2011-10-26,4.25
2011-10-27,4.25
2011-10-28,4.25
2011-10-29,4.25
2011-10-30,4.25
2011-10-31,4.25
2011-11-01,4.26
2011-11-02,4.26
2011-11-03,4.26
2011-11-04,4.26
2011-11-05,4.26
2011-11-06,4.26
2011-11-07,4.26
2011-11-08,4.26
2011-11-09,4.26
2011-11-10,4.26
2011-11-11,4.26
2011-11-12,4.26
2011-11-13,4.26
2011-11-14,4.26
2011-11-15,4.26
2011-11-16,4.26
2011-11-17,4.26
2011-11-18,4.26
2011-11-19,4.26
2011-11-20,4.26
2011-11-21,4.26
2011-11-22,4.26
2011-11-23,4.26
2011-11-24,4.26
2011-11-25,4.26
2011-11-26,4.26
2011-11-27,4.26
2011-11-28,4.26
2011-11-29,4.26
2011-11-30,4.26
2011-12-01,4.21
2011-12-02,4.21
2011-12-03,4.21
2011-12-04,4.21
2011-12-05,4.21
2011-12-06,4.21
2011-12-07,4.21
2011-12-08,4.21
2011-12-09,4.21
2011-12-10,4.21
2011-12-11,4.21
2011-12-12,4.21
2011-12-13,4.21
2011-12-14,4.21
2011-12-15,4.21
2011-12-16,4.21
2011-12-17,4.21
2011-12-18,4.21
2011-12-19,4.21
2011-12-20,4.21
2011-12-21,4.21
2011-12-22,4.21
2011-12-23,4.21
2011-12-24,4.21
2011-12-25,4.21
2011-12-26,4.21
2011-12-27,4.21
2011-12-28,4.21
2011-12-29,4.21
2011-12-30,4.21
2011-12-31,4.21
2012-01-01,4.06
2012-01-02,4.06
2012-01-03,4.06
2012-01-04,4.06
2012-01-05,4.06
2012-01-06,4.06
2012-01-07,4.06
2012-01-08,4.06
2012-01-09,4.06
2012-01-10,4.06
2012-01-11,4.06
2012-01-12,4.06
2012-01-13,4.06
2012-01-14,4.06
2012-01-15,4.06
2012-01-16,4.06
2012-01-17,4.06
2012-01-18,4.06
2012-01-19,4.06
2012-01-20,4.06
2012-01-21,4.06
2012-01-22,4.06
2012-01-23,4.06
2012-01-24,4.06
2012-01-25,4.06
2012-01-26,4.06
2012-01-27,4.06
2012-01-28,4.06
2012-01-29,4.06
2012-01-30,4.06
2012-01-31,4.06
2012-02-01,4.1
2012-02-02,4.1
2012-02-03,4.1
2012-02-04,4.1
2012-02-05,4.1
2012-02-06,4.1
2012-02-07,4.1
2012-02-08,4.1
2012-02-09,4.1
2012-02-10,4.1
2012-02-11,4.1
2012-02-12,4.1
2012-02-13,4.1
2012-02-14,4.1
2012-02-15,4.1
2012-02-16,4.1
2012-02-17,4.1
2012-02-18,4.1
2012-02-19,4.1
2012-02-20,4.1
2012-02-21,4.1
2012-02-22,4.1
2012-02-23,4.1
2012-02-24,4.1
2012-02-25,4.1
2012-02-26,4.1
2012-02-27,4.1
2012-02-28,4.1
2012-02-29,4.1
2012-03-01,4.11
2012-03-02,4.11
2012-03-03,4.11
2012-03-04,4.11
2012-03-05,4.11
2012-03-06,4.11
2012-03-07,4.11
2012-03-08,4.11
2012-03-09,4.11
2012-03-10,4.11
2012-03-11,4.11
2012-03-12,4.11
2012-03-13,4.11
2012-03-14,4.11
2012-03-15,4.11
2012-03-16,4.11
2012-03-17,4.11
2012-03-18,4.11
2012-03-19,4.11
2012-03-20,4.11
2012-03-21,4.11
2012-03-22,4.11
2012-03-23,4.11
2012-03-24,4.11
2012-03-25,4.11
2012-03-26,4.11
2012-03-27,4.11
2012-03-28,4.11
2012-03-29,4.11
2012-03-30,4.11
2012-03-31,4.11
2012-04-01,4.12
2012-04-02,4.12
2012-04-03,4.12
2012-04-04,4.12
2012-04-05,4.12
2012-04-06,4.12
2012-04-07,4.12
2012-04-08,4.12
2012-04-09,4.12
2012-04-10,4.12
2012-04-11,4.12
2012-04-12,4.12
2012-04-13,4.12
2012-04-14,4.12
2012-04-15,4.12
2012-04-16,4.12
2012-04-17,4.12
2012-04-18,4.12
2012-04-19,4.12
2012-04-20,4.12
2012-04-21,4.12
2012-04-22,4.12
2012-04-23,4.12
2012-04-24,4.12
2012-04-25,4.12
2012-04-26,4.12
2012-04-27,4.12
2012-04-28,4.12
2012-04-29,4.12
2012-04-30,4.12
2012-05-01,3.95
2012-05-02,3.95
2012-05-03,3.95
2012-05-04,3.95
2012-05-05,3.95
2012-05-06,3.95
2012-05-07,3.95
2012-05-08,3.95
2012-05-09,3.95
2012-05-10,3.95
2012-05-11,3.95
2012-05-12,3.95
2012-05-13,3.95
2012-05-14,3.95
2012-05-15,3.95
2012-05-16,3.95
2012-05-17,3.95
2012-05-18,3.95
2012-05-19,3.95
2012-05-20,3.95
2012-05-21,3.95
2012-05-22,3.95
2012-05-23,3.95
2012-05-24,3.95
2012-05-25,3.95
2012-05-26,3.95
2012-05-27,3.95
2012-05-28,3.95
2012-05-29,3.95
2012-05-30,3.95
2012-05-31,3.95
2012-06-01,3.85
2012-06-02,3.85
2012-06-03,3.85
2012-06-04,3.85
2012-06-05,3.85
2012-06-06,3.85
2012-06-07,3.85
2012-06-08,3.85
2012-06-09,3.85
2012-06-10,3.85
2012-06-11,3.85
2012-06-12,3.85
2012-06-13,3.85
2012-06-14,3.85
2012-06-15,3.85
2012-06-16,3.85
2012-06-17,3.85
2012-06-18,3.85
2012-06-19,3.85
2012-06-20,3.85
2012-06-21,3.85
2012-06-22,3.85
2012-06-23,3.85
2012-06-24,3.85
2012-06-25,3.85
2012-06-26,3.85
2012-06-27,3.85
2012-06-28,3.85
2012-06-29,3.85
2012-06-30,3.85
2012-07-01,3.78
2012-07-02,3.78
2012-07-03,3.78
2012-07-04,3.78
2012-07-05,3.78
2012-07-06,3.78
2012-07-07,3.78
2012-07-08,3.78
2012-07-09,3.78
2012-07-10,3.78
2012-07-11,3.78
2012-07-12,3.78
2012-07-13,3.78
2012-07-14,3.78
2012-07-15,3.78
2012-07-16,3.78
2012-07-17,3.78
2012-07-18,3.78
2012-07-19,3.78
2012-07-20,3.78
2012-07-21,3.78
2012-07-22,3.78
2012-07-23,3.78
2012-07-24,3.78
2012-07-25,3.78
2012-07-26,3.78
2012-07-27,3.78
2012-07-28,3.78
2012-07-29,3.78
2012-07-30,3.78
2012-07-31,3.78
2012-08-01,3.31
2012-08-02,3.31
2012-08-03,3.31
2012-08-04,3.31
2012-08-05,3.31
2012-08-06,3.31
2012-08-07,3.31
2012-08-08,3.31
2012-08-09,3.31
2012-08-10,3.31
2012-08-11,3.31
2012-08-12,3.31
2012-08-13,3.31
2012-08-14,3.31
2012-08-15,3.31
2012-08-16,3.31
2012-08-17,3.31
2012-08-18,3.31
2012-08-19,3.31
2012-08-20,3.31
2012-08-21,3.31
2012-08-22,3.31
2012-08-23,3.31
2012-08-24,3.31
2012-08-25,3.31
2012-08-26,3.31
2012-08-27,3.31
2012-08-28,3.31
2012-08-29,3.31
2012-08-30,3.31
2012-08-31,3.31
2012-09-01,3.34
2012-09-02,3.34
2012-09-03,3.34
2012-09-04,3.34
2012-09-05,3.34
2012-09-06,3.34
2012-09-07,3.34
2012-09-08,3.34
2012-09-09,3.34
2012-09-10,3.34
2012-09-11,3.34
2012-09-12,3.34
2012-09-13,3.34
2012-09-14,3.34
2012-09-15,3.34
2012-09-16,3.34
2012-09-17,3.34
2012-09-18,3.34
2012-09-19,3.34
2012-09-20,3.34
2012-09-21,3.34
2012-09-22,3.34
2012-09-23,3.34
2012-09-24,3.34
2012-09-25,3.34
2012-09-26,3.34
2012-09-27,3.34
2012-09-28,3.34
2012-09-29,3.34
2012-09-30,3.34
2012-10-01,3.43
2012-10-02,3.43
2012-10-03,3.43
2012-10-04,3.43
2012-10-05,3.43
2012-10-06,3.43
2012-10-07,3.43
2012-10-08,3.43
2012-10-09,3.43
2012-10-10,3.43
2012-10-11,3.43
2012-10-12,3.43
2012-10-13,3.43
2012-10-14,3.43
2012-10-15,3.43
2012-10-16,3.43
2012-10-17,3.43
2012-10-18,3.43
2012-10-19,3.43
2012-10-20,3.43
2012-10-21,3.43
2012-10-22,3.43
2012-10-23,3.43
2012-10-24,3.43
2012-10-25,3.43
2012-10-26,3.43
2012-10-27,3.43
2012-10-28,3.43
2012-10-29,3.43
2012-10-30,3.43
2012-10-31,3.43
2012-11-01,3.43
2012-11-02,3.43
2012-11-03,3.43
2012-11-04,3.43
2012-11-05,3.43
2012-11-06,3.43
2012-11-07,3.43
2012-11-08,3.43
2012-11-09,3.43
2012-11-10,3.43
2012-11-11,3.43
2012-11-12,3.43
2012-11-13,3.43
2012-11-14,3.43
2012-11-15,3.43
2012-11-16,3.43
2012-11-17,3.43
2012-11-18,3.43
2012-11-19,3.43
2012-11-20,3.43
2012-11-21,3.43
2012-11-22,3.43
2012-11-23,3.43
2012-11-24,3.43
2012-11-25,3.43
2012-11-26,3.43
2012-11-27,3.43
2012-11-28,3.43
2012-11-29,3.43
2012-11-30,3.43
2012-12-01,3.49
2012-12-02,3.49
2012-12-03,3.49
2012-12-04,3.49
2012-12-05,3.49
2012-12-06,3.49
2012-12-07,3.49
2012-12-08,3.49
2012-12-09,3.49
2012-12-10,3.49
2012-12-11,3.49
2012-12-12,3.49
2012-12-13,3.49
2012-12-14,3.49
2012-12-15,3.49
2012-12-16,3.49
2012-12-17,3.49
2012-12-18,3.49
2012-12-19,3.49
2012-12-20,3.49
2012-12-21,3.49
2012-12-22,3.49
2012-12-23,3.49
2012-12-24,3.49
2012-12-25,3.49
2012-12-26,3.49
2012-12-27,3.49
2012-12-28,3.49
2012-12-29,3.49
2012-12-30,3.49
2012-12-31,3.49
2013-01-01,3.36
2013-01-02,3.36
2013-01-03,3.36
2013-01-04,3.36
2013-01-05,3.36
2013-01-06,3.36
2013-01-07,3.36
2013-01-08,3.36
2013-01-09,3.36
2013-01-10,3.36
2013-01-11,3.36
2013-01-12,3.36
2013-01-13,3.36
2013-01-14,3.36
2013-01-15,3.36
2013-01-16,3.36
2013-01-17,3.36
2013-01-18,3.36
2013-01-19,3.36
2013-01-20,3.36
2013-01-21,3.36
2013-01-22,3.36
2013-01-23,3.36
2013-01-24,3.36
2013-01-25,3.36
2013-01-26,3.36
2013-01-27,3.36
2013-01-28,3.36
2013-01-29,3.36
2013-01-30,3.36
2013-01-31,3.36
2013-02-01,3.22
2013-02-02,3.22
2013-02-03,3.22
2013-02-04,3.22
2013-02-05,3.22
2013-02-06,3.22
2013-02-07,3.22
2013-02-08,3.22
2013-02-09,3.22
2013-02-10,3.22
2013-02-11,3.22
2013-02-12,3.22
2013-02-13,3.22
2013-02-14,3.22
2013-02-15,3.22
2013-02-16,3.22
2013-02-17,3.22
2013-02-18,3.22
2013-02-19,3.22
2013-02-20,3.22
2013-02-21,3.22
2013-02-22,3.22
2013-02-23,3.22
2013-02-24,3.22
2013-02-25,3.22
2013-02-26,3.22
2013-02-27,3.22
2013-02-28,3.22
2013-03-01,3.11
2013-03-02,3.11
2013-03-03,3.11
2013-03-04,3.11
2013-03-05,3.11
2013-03-06,3.11
2013-03-07,3.11
2013-03-08,3.11
2013-03-09,3.11
2013-03-10,3.11
2013-03-11,3.11
2013-03-12,3.11
2013-03-13,3.11
2013-03-14,3.11
2013-03-15,3.11
2013-03-16,3.11
2013-03-17,3.11
2013-03-18,3.11
2013-03-19,3.11
2013-03-20,3.11
2013-03-21,3.11
2013-03-22,3.11
2013-03-23,3.11
2013-03-24,3.11
2013-03-25,3.11
2013-03-26,3.11
2013-03-27,3.11
2013-03-28,3.11
2013-03-29,3.11
2013-03-30,3.11
2013-03-31,3.11
2013-04-01,3.0
2013-04-02,3.0
2013-04-03,3.0
2013-04-04,3.0
2013-04-05,3.0
2013-04-06,3.0
2013-04-07,3.0
2013-04-08,3.0
2013-04-09,3.0
2013-04-10,3.0
2013-04-11,3.0
2013-04-12,3.0
2013-04-13,3.0
2013-04-14,3.0
2013-04-15,3.0
2013-04-16,3.0
2013-04-17,3.0
2013-04-18,3.0
2013-04-19,3.0
2013-04-20,3.0
2013-04-21,3.0
2013-04-22,3.0
2013-04-23,3.0
2013-04-24,3.0
2013-04-25,3.0
2013-04-26,3.0
2013-04-27,3.0
2013-04-28,3.0
2013-04-29,3.0
2013-04-30,3.0
2013-05-01,2.86
2013-05-02,2.86
2013-05-03,2.86
2013-05-04,2.86
2013-05-05,2.86
2013-05-06,2.86
2013-05-07,2.86
2013-05-08,2.86
2013-05-09,2.86
2013-05-10,2.86
2013-05-11,2.86
2013-05-12,2.86
2013-05-13,2.86
2013-05-14,2.86
2013-05-15,2.86
2013-05-16,2.86
2013-05-17,2.86
2013-05-18,2.86
2013-05-19,2.86
2013-05-20,2.86
2013-05-21,2.86
2013-05-22,2.86
2013-05-23,2.86
2013-05-24,2.86
2013-05-25,2.86
2013-05-26,2.86
2013-05-27,2.86
2013-05-28,2.86
2013-05-29,2.86
2013-05-30,2.86
2013-05-31,2.86
2013-06-01,2.91
2013-06-02,2.91
2013-06-03,2.91
2013-06-04,2.91
2013-06-05,2.91
2013-06-06,2.91
2013-06-07,2.91
2013-06-08,2.91
2013-06-09,2.91
2013-06-10,2.91
2013-06-11,2.91
2013-06-12,2.91
2013-06-13,2.91
2013-06-14,2.91
2013-06-15,2.91
2013-06-16,2.91
2013-06-17,2.91
2013-06-18,2.91
2013-06-19,2.91
2013-06-20,2.91
2013-06-21,2.91
2013-06-22,2.91
2013-06-23,2.91
2013-06-24,2.91
2013-06-25,2.91
2013-06-26,2.91
2013-06-27,2.91
2013-06-28,2.91
2013-06-29,2.91
2013-06-30,2.91
2013-07-01,2.89
2013-07-02,2.89
2013-07-03,2.89
2013-07-04,2.89
2013-07-05,2.89
2013-07-06,2.89
2013-07-07,2.89
2013-07-08,2.89
2013-07-09,2.89
2013-07-10,2.89
2013-07-11,2.89
2013-07-12,2.89
2013-07-13,2.89
2013-07-14,2.89
2013-07-15,2.89
2013-07-16,2.89
2013-07-17,2.89
2013-07-18,2.89
2013-07-19,2.89
2013-07-20,2.89
2013-07-21,2.89
2013-07-22,2.89
2013-07-23,2.89
2013-07-24,2.89
2013-07-25,2.89
2013-07-26,2.89
2013-07-27,2.89
2013-07-28,2.89
2013-07-29,2.89
2013-07-30,2.89
2013-07-31,2.89
2013-08-01,2.85
2013-08-02,2.85
2013-08-03,2.85
2013-08-04,2.85
2013-08-05,2.85
2013-08-06,2.85
2013-08-07,2.85
2013-08-08,2.85
2013-08-09,2.85
2013-08-10,2.85
2013-08-11,2.85
2013-08-12,2.85
2013-08-13,2.85
2013-08-14,2.85
2013-08-15,2.85
2013-08-16,2.85
2013-08-17,2.85
2013-08-18,2.85
2013-08-19,2.85
2013-08-20,2.85
2013-08-21,2.85
2013-08-22,2.85
2013-08-23,2.85
2013-08-24,2.85
2013-08-25,2.85
2013-08-26,2.85
2013-08-27,2.85
2013-08-28,2.85
2013-08-29,2.85
2013-08-30,2.85
2013-08-31,2.85
2013-09-01,2.88
2013-09-02,2.88
2013-09-03,2.88
2013-09-04,2.88
2013-09-05,2.88
2013-09-06,2.88
2013-09-07,2.88
2013-09-08,2.88
2013-09-09,2.88
2013-09-10,2.88
2013-09-11,2.88
2013-09-12,2.88
2013-09-13,2.88
2013-09-14,2.88
2013-09-15,2.88
2013-09-16,2.88
2013-09-17,2.88
2013-09-18,2.88
2013-09-19,2.88
2013-09-20,2.88
2013-09-21,2.88
2013-09-22,2.88
2013-09-23,2.88
2013-09-24,2.88
2013-09-25,2.88
2013-09-26,2.88
2013-09-27,2.88
2013-09-28,2.88
2013-09-29,2.88
2013-09-30,2.88
2013-10-01,2.86
2013-10-02,2.86
2013-10-03,2.86
2013-10-04,2.86
2013-10-05,2.86
2013-10-06,2.86
2013-10-07,2.86
2013-10-08,2.86
2013-10-09,2.86
2013-10-10,2.86
2013-10-11,2.86
2013-10-12,2.86
2013-10-13,2.86
2013-10-14,2.86
2013-10-15,2.86
2013-10-16,2.86
2013-10-17,2.86
2013-10-18,2.86
2013-10-19,2.86
2013-10-20,2.86
2013-10-21,2.86
2013-10-22,2.86
2013-10-23,2.86
2013-10-24,2.86
2013-10-25,2.86
2013-10-26,2.86
2013-10-27,2.86
2013-10-28,2.86
2013-10-29,2.86
2013-10-30,2.86
2013-10-31,2.86
2013-11-01,2.88
2013-11-02,2.88
2013-11-03,2.88
2013-11-04,2.88
2013-11-05,2.88
2013-11-06,2.88
2013-11-07,2.88
2013-11-08,2.88
2013-11-09,2.88
2013-11-10,2.88
2013-11-11,2.88
2013-11-12,2.88
2013-11-13,2.88
2013-11-14,2.88
2013-11-15,2.88
2013-11-16,2.88
2013-11-17,2.88
2013-11-18,2.88
2013-11-19,2.88
2013-11-20,2.88
2013-11-21,2.88
2013-11-22,2.88
2013-11-23,2.88
2013-11-24,2.88
2013-11-25,2.88
2013-11-26,2.88
2013-11-27,2.88
2013-11-28,2.88
2013-11-29,2.88
2013-11-30,2.88
2013-12-01,2.95
2013-12-02,2.95
2013-12-03,2.95
2013-12-04,2.95
2013-12-05,2.95
2013-12-06,2.95
2013-12-07,2.95
2013-12-08,2.95
2013-12-09,2.95
2013-12-10,2.95
2013-12-11,2.95
2013-12-12,2.95
2013-12-13,2.95
2013-12-14,2.95
2013-12-15,2.95
2013-12-16,2.95
2013-12-17,2.95
2013-12-18,2.95
2013-12-19,2.95
2013-12-20,2.95
2013-12-21,2.95
2013-12-22,2.95
2013-12-23,2.95
2013-12-24,2.95
2013-12-25,2.95
2013-12-26,2.95
2013-12-27,2.95
2013-12-28,2.95
2013-12-29,2.95
2013-12-30,2.95
2013-12-31,2.95
2014-01-01,2.89
2014-01-02,2.89
2014-01-03,2.89
2014-01-04,2.89
2014-01-05,2.89
2014-01-06,2.89
2014-01-07,2.89
2014-01-08,2.89
2014-01-09,2.89
2014-01-10,2.89
2014-01-11,2.89
2014-01-12,2.89
2014-01-13,2.89
2014-01-14,2.89
2014-01-15,2.89
2014-01-16,2.89
2014-01-17,2.89
2014-01-18,2.89
2014-01-19,2.89
2014-01-20,2.89
2014-01-21,2.89
2014-01-22,2.89
2014-01-23,2.89
2014-01-24,2.89
2014-01-25,2.89
2014-01-26,2.89
2014-01-27,2.89
2014-01-28,2.89
2014-01-29,2.89
2014-01-30,2.89
2014-01-31,2.89
2014-02-01,2.9
2014-02-02,2.9
2014-02-03,2.9
2014-02-04,2.9
2014-02-05,2.9
2014-02-06,2.9
2014-02-07,2.9
2014-02-08,2.9
2014-02-09,2.9
2014-02-10,2.9
2014-02-11,2.9
2014-02-12,2.9
2014-02-13,2.9
2014-02-14,2.9
2014-02-15,2.9
2014-02-16,2.9
2014-02-17,2.9
2014-02-18,2.9
2014-02-19,2.9
2014-02-20,2.9
2014-02-21,2.9
2014-02-22,2.9
2014-02-23,2.9
2014-02-24,2.9
2014-02-25,2.9
2014-02-26,2.9
2014-02-27,2.9
2014-02-28,2.9
2014-03-01,2.78
2014-03-02,2.78
2014-03-03,2.78
2014-03-04,2.78
2014-03-05,2.78
2014-03-06,2.78
2014-03-07,2.78
2014-03-08,2.78
2014-03-09,2.78
2014-03-10,2.78
2014-03-11,2.78
2014-03-12,2.78
2014-03-13,2.78
2014-03-14,2.78
2014-03-15,2.78
2014-03-16,2.78
2014-03-17,2.78
2014-03-18,2.78
2014-03-19,2.78
2014-03-20,2.78
2014-03-21,2.78
2014-03-22,2.78
2014-03-23,2.78
2014-03-24,2.78
2014-03-25,2.78
2014-03-26,2.78
2014-03-27,2.78
2014-03-28,2.78
2014-03-29,2.78
2014-03-30,2.78
2014-03-31,2.78
2014-04-01,2.79
2014-04-02,2.79
2014-04-03,2.79
2014-04-04,2.79
2014-04-05,2.79
2014-04-06,2.79
2014-04-07,2.79
2014-04-08,2.79
2014-04-09,2.79
2014-04-10,2.79
2014-04-11,2.79
2014-04-12,2.79
2014-04-13,2.79
2014-04-14,2.79
2014-04-15,2.79
2014-04-16,2.79
2014-04-17,2.79
2014-04-18,2.79
2014-04-19,2.79
2014-04-20,2.79
2014-04-21,2.79
2014-04-22,2.79
2014-04-23,2.79
2014-04-24,2.79
2014-04-25,2.79
2014-04-26,2.79
2014-04-27,2.79
2014-04-28,2.79
2014-04-29,2.79
2014-04-30,2.79
2014-05-01,2.77
2014-05-02,2.77
2014-05-03,2.77
2014-05-04,2.77
2014-05-05,2.77
2014-05-06,2.77
2014-05-07,2.77
2014-05-08,2.77
2014-05-09,2.77
2014-05-10,2.77
2014-05-11,2.77
2014-05-12,2.77
2014-05-13,2.77
2014-05-14,2.77
2014-05-15,2.77
2014-05-16,2.77
2014-05-17,2.77
2014-05-18,2.77
2014-05-19,2.77
2014-05-20,2.77
2014-05-21,2.77
2014-05-22,2.77
2014-05-23,2.77
2014-05-24,2.77
2014-05-25,2.77
2014-05-26,2.77
2014-05-27,2.77
2014-05-28,2.77
2014-05-29,2.77
2014-05-30,2.77
2014-05-31,2.77
2014-06-01,2.8
2014-06-02,2.8
2014-06-03,2.8
2014-06-04,2.8
2014-06-05,2.8
2014-06-06,2.8
2014-06-07,2.8
2014-06-08,2.8
2014-06-09,2.8
2014-06-10,2.8
2014-06-11,2.8
2014-06-12,2.8
2014-06-13,2.8
2014-06-14,2.8
2014-06-15,2.8
2014-06-16,2.8
2014-06-17,2.8
2014-06-18,2.8
2014-06-19,2.8
2014-06-20,2.8
2014-06-21,2.8
2014-06-22,2.8
2014-06-23,2.8
2014-06-24,2.8
2014-06-25,2.8
2014-06-26,2.8
2014-06-27,2.8
2014-06-28,2.8
2014-06-29,2.8
2014-06-30,2.8
2014-07-01,2.65
2014-07-02,2.65
2014-07-03,2.65
2014-07-04,2.65
2014-07-05,2.65
2014-07-06,2.65
2014-07-07,2.65
2014-07-08,2.65
2014-07-09,2.65
2014-07-10,2.65
2014-07-11,2.65
2014-07-12,2.65
2014-07-13,2.65
2014-07-14,2.65
2014-07-15,2.65
2014-07-16,2.65
2014-07-17,2.65
2014-07-18,2.65
2014-07-19,2.65
2014-07-20,2.65
2014-07-21,2.65
2014-07-22,2.65
2014-07-23,2.65
2014-07-24,2.65
2014-07-25,2.65
2014-07-26,2.65
2014-07-27,2.65
2014-07-28,2.65
2014-07-29,2.65
2014-07-30,2.65
2014-07-31,2.65
2014-08-01,2.47
2014-08-02,2.47
2014-08-03,2.47
2014-08-04,2.47
2014-08-05,2.47
2014-08-06,2.47
2014-08-07,2.47
2014-08-08,2.47
2014-08-09,2.47
2014-08-10,2.47
2014-08-11,2.47
2014-08-12,2.47
2014-08-13,2.47
2014-08-14,2.47
2014-08-15,2.47
2014-08-16,2.47
2014-08-17,2.47
2014-08-18,2.47
2014-08-19,2.47
2014-08-20,2.47
2014-08-21,2.47
2014-08-22,2.47
2014-08-23,2.47
2014-08-24,2.47
2014-08-25,2.47
2014-08-26,2.47
2014-08-27,2.47
2014-08-28,2.47
2014-08-29,2.47
2014-08-30,2.47
2014-08-31,2.47
2014-09-01,2.46
2014-09-02,2.46
2014-09-03,2.46
2014-09-04,2.46
2014-09-05,2.46
2014-09-06,2.46
2014-09-07,2.46
2014-09-08,2.46
2014-09-09,2.46
2014-09-10,2.46
2014-09-11,2.46
2014-09-12,2.46
2014-09-13,2.46
2014-09-14,2.46
2014-09-15,2.46
2014-09-16,2.46
2014-09-17,2.46
2014-09-18,2.46
2014-09-19,2.46
2014-09-20,2.46
2014-09-21,2.46
2014-09-22,2.46
2014-09-23,2.46
2014-09-24,2.46
2014-09-25,2.46
2014-09-26,2.46
2014-09-27,2.46
2014-09-28,2.46
2014-09-29,2.46
2014-09-30,2.46
2014-10-01,2.32
2014-10-02,2.32
2014-10-03,2.32
2014-10-04,2.32
2014-10-05,2.32
2014-10-06,2.32
2014-10-07,2.32
2014-10-08,2.32
2014-10-09,2.32
2014-10-10,2.32
2014-10-11,2.32
2014-10-12,2.32
2014-10-13,2.32
2014-10-14,2.32
2014-10-15,2.32
2014-10-16,2.32
2014-10-17,2.32
2014-10-18,2.32
2014-10-19,2.32
2014-10-20,2.32
2014-10-21,2.32
2014-10-22,2.32
2014-10-23,2.32
2014-10-24,2.32
2014-10-25,2.32
2014-10-26,2.32
2014-10-27,2.32
2014-10-28,2.32
2014-10-29,2.32
2014-10-30,2.32
2014-10-31,2.32
2014-11-01,2.3
2014-11-02,2.3
2014-11-03,2.3
2014-11-04,2.3
2014-11-05,2.3
2014-11-06,2.3
2014-11-07,2.3
2014-11-08,2.3
2014-11-09,2.3
2014-11-10,2.3
2014-11-11,2.3
2014-11-12,2.3
2014-11-13,2.3
2014-11-14,2.3
2014-11-15,2.3
2014-11-16,2.3
2014-11-17,2.3
2014-11-18,2.3
2014-11-19,2.3
2014-11-20,2.3
2014-11-21,2.3
2014-11-22,2.3
2014-11-23,2.3
2014-11-24,2.3
2014-11-25,2.3
2014-11-26,2.3
2014-11-27,2.3
2014-11-28,2.3
2014-11-29,2.3
2014-11-30,2.3
2014-12-01,2.33
2014-12-02,2.33
2014-12-03,2.33
2014-12-04,2.33
2014-12-05,2.33
2014-12-06,2.33
2014-12-07,2.33
2014-12-08,2.33
2014-12-09,2.33
2014-12-10,2.33
2014-12-11,2.33
2014-12-12,2.33
2014-12-13,2.33
2014-12-14,2.33
2014-12-15,2.33
2014-12-16,2.33
2014-12-17,2.33
2014-12-18,2.33
2014-12-19,2.33
2014-12-20,2.33
2014-12-21,2.33
2014-12-22,2.33
2014-12-23,2.33
2014-12-24,2.33
2014-12-25,2.33
2014-12-26,2.33
2014-12-27,2.33
2014-12-28,2.33
2014-12-29,2.33
2014-12-30,2.33
2014-12-31,2.33
2015-01-01,2.28
2015-01-02,2.28
2015-01-03,2.28
2015-01-04,2.28
2015-01-05,2.28
2015-01-06,2.28
2015-01-07,2.28
2015-01-08,2.28
2015-01-09,2.28
2015-01-10,2.28
2015-01-11,2.28
2015-01-12,2.28
2015-01-13,2.28
2015-01-14,2.28
2015-01-15,2.28
2015-01-16,2.28
2015-01-17,2.28
2015-01-18,2.28
2015-01-19,2.28
2015-01-20,2.28
2015-01-21,2.28
2015-01-22,2.28
2015-01-23,2.28
2015-01-24,2.28
2015-01-25,2.28
2015-01-26,2.28
2015-01-27,2.28
2015-01-28,2.28
2015-01-29,2.28
2015-01-30,2.28
2015-01-31,2.28
2015-02-01,2.16
2015-02-02,2.16
2015-02-03,2.16
2015-02-04,2.16
2015-02-05,2.16
2015-02-06,2.16
2015-02-07,2.16
2015-02-08,2.16
2015-02-09,2.16
2015-02-10,2.16
2015-02-11,2.16
2015-02-12,2.16
2015-02-13,2.16
2015-02-14,2.16
2015-02-15,2.16
2015-02-16,2.16
2015-02-17,2.16
2015-02-18,2.16
2015-02-19,2.16
2015-02-20,2.16
2015-02-21,2.16
2015-02-22,2.16
2015-02-23,2.16
2015-02-24,2.16
2015-02-25,2.16
2015-02-26,2.16
2015-02-27,2.16
2015-02-28,2.16
2015-03-01,2.07
2015-03-02,2.07
2015-03-03,2.07
2015-03-04,2.07
2015-03-05,2.07
2015-03-06,2.07
2015-03-07,2.07
2015-03-08,2.07
2015-03-09,2.07
2015-03-10,2.07
2015-03-11,2.07
2015-03-12,2.07
2015-03-13,2.07
2015-03-14,2.07
2015-03-15,2.07
2015-03-16,2.07
2015-03-17,2.07
2015-03-18,2.07
2015-03-19,2.07
2015-03-20,2.07
2015-03-21,2.07
2015-03-22,2.07
2015-03-23,2.07
2015-03-24,2.07
2015-03-25,2.07
2015-03-26,2.07
2015-03-27,2.07
2015-03-28,2.07
2015-03-29,2.07
2015-03-30,2.07
2015-03-31,2.07
2015-04-01,1.89
2015-04-02,1.89
2015-04-03,1.89
2015-04-04,1.89
2015-04-05,1.89
2015-04-06,1.89
2015-04-07,1.89
2015-04-08,1.89
2015-04-09,1.89
2015-04-10,1.89
2015-04-11,1.89
2015-04-12,1.89
2015-04-13,1.89
2015-04-14,1.89
2015-04-15,1.89
2015-04-16,1.89
2015-04-17,1.89
2015-04-18,1.89
2015-04-19,1.89
2015-04-20,1.89
2015-04-21,1.89
2015-04-22,1.89
2015-04-23,1.89
2015-04-24,1.89
2015-04-25,1.89
2015-04-26,1.89
2015-04-27,1.89
2015-04-28,1.89
2015-04-29,1.89
2015-04-30,1.89
2015-05-01,1.85
2015-05-02,1.85
2015-05-03,1.85
2015-05-04,1.85
2015-05-05,1.85
2015-05-06,1.85
2015-05-07,1.85
2015-05-08,1.85
2015-05-09,1.85
2015-05-10,1.85
2015-05-11,1.85
2015-05-12,1.85
2015-05-13,1.85
2015-05-14,1.85
2015-05-15,1.85
2015-05-16,1.85
2015-05-17,1.85
2015-05-18,1.85
2015-05-19,1.85
2015-05-20,1.85
2015-05-21,1.85
2015-05-22,1.85
2015-05-23,1.85
2015-05-24,1.85
2015-05-25,1.85
2015-05-26,1.85
2015-05-27,1.85
2015-05-28,1.85
2015-05-29,1.85
2015-05-30,1.85
2015-05-31,1.85
2015-06-01,1.8
2015-06-02,1.8
2015-06-03,1.8
2015-06-04,1.8
2015-06-05,1.8
2015-06-06,1.8
2015-06-07,1.8
2015-06-08,1.8
2015-06-09,1.8
2015-06-10,1.8
2015-06-11,1.8
2015-06-12,1.8
2015-06-13,1.8
2015-06-14,1.8
2015-06-15,1.8
2015-06-16,1.8
2015-06-17,1.8
2015-06-18,1.8
2015-06-19,1.8
2015-06-20,1.8
2015-06-21,1.8
2015-06-22,1.8
2015-06-23,1.8
2015-06-24,1.8
2015-06-25,1.8
2015-06-26,1.8
2015-06-27,1.8
2015-06-28,1.8
2015-06-29,1.8
2015-06-30,1.8
2015-07-01,1.63
2015-07-02,1.63
2015-07-03,1.63
2015-07-04,1.63
2015-07-05,1.63
2015-07-06,1.63
2015-07-07,1.63
2015-07-08,1.63
2015-07-09,1.63
2015-07-10,1.63
2015-07-11,1.63
2015-07-12,1.63
2015-07-13,1.63
2015-07-14,1.63
2015-07-15,1.63
2015-07-16,1.63
2015-07-17,1.63
2015-07-18,1.63
2015-07-19,1.63
2015-07-20,1.63
2015-07-21,1.63
2015-07-22,1.63
2015-07-23,1.63
2015-07-24,1.63
2015-07-25,1.63
2015-07-26,1.63
2015-07-27,1.63
2015-07-28,1.63
2015-07-29,1.63
2015-07-30,1.63
2015-07-31,1.63
2015-08-01,1.66
2015-08-02,1.66
2015-08-03,1.66
2015-08-04,1.66
2015-08-05,1.66
2015-08-06,1.66
2015-08-07,1.66
2015-08-08,1.66
2015-08-09,1.66
2015-08-10,1.66
2015-08-11,1.66
2015-08-12,1.66
2015-08-13,1.66
2015-08-14,1.66
2015-08-15,1.66
2015-08-16,1.66
2015-08-17,1.66
2015-08-18,1.66
2015-08-19,1.66
2015-08-20,1.66
2015-08-21,1.66
2015-08-22,1.66
2015-08-23,1.66
2015-08-24,1.66
2015-08-25,1.66
2015-08-26,1.66
2015-08-27,1.66
2015-08-28,1.66
2015-08-29,1.66
2015-08-30,1.66
2015-08-31,1.66
2015-09-01,1.63
2015-09-02,1.63
2015-09-03,1.63
2015-09-04,1.63
2015-09-05,1.63
2015-09-06,1.63
2015-09-07,1.63
2015-09-08,1.63
2015-09-09,1.63
2015-09-10,1.63
2015-09-11,1.63
2015-09-12,1.63
2015-09-13,1.63
2015-09-14,1.63
2015-09-15,1.63
2015-09-16,1.63
2015-09-17,1.63
2015-09-18,1.63
2015-09-19,1.63
2015-09-20,1.63
2015-09-21,1.63
2015-09-22,1.63
2015-09-23,1.63
2015-09-24,1.63
2015-09-25,1.63
2015-09-26,1.63
2015-09-27,1.63
2015-09-28,1.63
2015-09-29,1.63
2015-09-30,1.63
2015-10-01,1.66
2015-10-02,1.66
2015-10-03,1.66
2015-10-04,1.66
2015-10-05,1.66
2015-10-06,1.66
2015-10-07,1.66
2015-10-08,1.66
2015-10-09,1.66
2015-10-10,1.66
2015-10-11,1.66
2015-10-12,1.66
2015-10-13,1.66
2015-10-14,1.66
2015-10-15,1.66
2015-10-16,1.66
2015-10-17,1.66
2015-10-18,1.66
2015-10-19,1.66
2015-10-20,1.66
2015-10-21,1.66
2015-10-22,1.66
2015-10-23,1.66
2015-10-24,1.66
2015-10-25,1.66
2015-10-26,1.66
2015-10-27,1.66
2015-10-28,1.66
2015-10-29,1.66
2015-10-30,1.66
2015-10-31,1.66
2015-11-01,1.75
2015-11-02,1.75
2015-11-03,1.75
2015-11-04,1.75
2015-11-05,1.75
2015-11-06,1.75
2015-11-07,1.75
2015-11-08,1.75
2015-11-09,1.75
2015-11-10,1.75
2015-11-11,1.75
2015-11-12,1.75
2015-11-13,1.75
2015-11-14,1.75
2015-11-15,1.75
2015-11-16,1.75
2015-11-17,1.75
2015-11-18,1.75
2015-11-19,1.75
2015-11-20,1.75
2015-11-21,1.75
2015-11-22,1.75
2015-11-23,1.75
2015-11-24,1.75
2015-11-25,1.75
2015-11-26,1.75
2015-11-27,1.75
2015-11-28,1.75
2015-11-29,1.75
2015-11-30,1.75
2015-12-01,1.86
2015-12-02,1.86
2015-12-03,1.86
2015-12-04,1.86
2015-12-05,1.86
2015-12-06,1.86
2015-12-07,1.86
2015-12-08,1.86
2015-12-09,1.86
2015-12-10,1.86
2015-12-11,1.86
2015-12-12,1.86
2015-12-13,1.86
2015-12-14,1.86
2015-12-15,1.86
2015-12-16,1.86
2015-12-17,1.86
2015-12-18,1.86
2015-12-19,1.86
2015-12-20,1.86
2015-12-21,1.86
2015-12-22,1.86
2015-12-23,1.86
2015-12-24,1.86
2015-12-25,1.86
2015-12-26,1.86
2015-12-27,1.86
2015-12-28,1.86
2015-12-29,1.86
2015-12-30,1.86
2015-12-31,1.86
2016-01-01,1.73
2016-01-02,1.73
2016-01-03,1.73
2016-01-04,1.73
2016-01-05,1.73
2016-01-06,1.73
2016-01-07,1.73
2016-01-08,1.73
2016-01-09,1.73
2016-01-10,1.73
2016-01-11,1.73
2016-01-12,1.73
2016-01-13,1.73
2016-01-14,1.73
2016-01-15,1.73
2016-01-16,1.73
2016-01-17,1.73
2016-01-18,1.73
2016-01-19,1.73
2016-01-20,1.73
2016-01-21,1.73
2016-01-22,1.73
2016-01-23,1.73
2016-01-24,1.73
2016-01-25,1.73
2016-01-26,1.73
2016-01-27,1.73
2016-01-28,1.73
2016-01-29,1.73
2016-01-30,1.73
2016-01-31,1.73
2016-02-01,1.66
2016-02-02,1.66
2016-02-03,1.66
2016-02-04,1.66
2016-02-05,1.66
2016-02-06,1.66
2016-02-07,1.66
2016-02-08,1.66
2016-02-09,1.66
2016-02-10,1.66
2016-02-11,1.66
2016-02-12,1.66
2016-02-13,1.66
2016-02-14,1.66
2016-02-15,1.66
2016-02-16,1.66
2016-02-17,1.66
2016-02-18,1.66
2016-02-19,1.66
2016-02-20,1.66
2016-02-21,1.66
2016-02-22,1.66
2016-02-23,1.66
2016-02-24,1.66
2016-02-25,1.66
2016-02-26,1.66
2016-02-27,1.66
2016-02-28,1.66
2016-02-29,1.66
2016-03-01,1.58
2016-03-02,1.58
2016-03-03,1.58
2016-03-04,1.58
2016-03-05,1.58
2016-03-06,1.58
2016-03-07,1.58
2016-03-08,1.58
2016-03-09,1.58
2016-03-10,1.58
2016-03-11,1.58
2016-03-12,1.58
2016-03-13,1.58
2016-03-14,1.58
2016-03-15,1.58
2016-03-16,1.58
2016-03-17,1.58
2016-03-18,1.58
2016-03-19,1.58
2016-03-20,1.58
2016-03-21,1.58
2016-03-22,1.58
2016-03-23,1.58
2016-03-24,1.58
2016-03-25,1.58
2016-03-26,1.58
2016-03-27,1.58
2016-03-28,1.58
2016-03-29,1.58
2016-03-30,1.58
2016-03-31,1.58
2016-04-01,1.59
2016-04-02,1.59
2016-04-03,1.59
2016-04-04,1.59
2016-04-05,1.59
2016-04-06,1.59
2016-04-07,1.59
2016-04-08,1.59
2016-04-09,1.59
2016-04-10,1.59
2016-04-11,1.59
2016-04-12,1.59
2016-04-13,1.59
2016-04-14,1.59
2016-04-15,1.59
2016-04-16,1.59
2016-04-17,1.59
2016-04-18,1.59
2016-04-19,1.59
2016-04-20,1.59
2016-04-21,1.59
2016-04-22,1.59
2016-04-23,1.59
2016-04-24,1.59
2016-04-25,1.59
2016-04-26,1.59
2016-04-27,1.59
2016-04-28,1.59
2016-04-29,1.59
2016-04-30,1.59
2016-05-01,1.61
2016-05-02,1.61
2016-05-03,1.61
2016-05-04,1.61
2016-05-05,1.61
2016-05-06,1.61
2016-05-07,1.61
2016-05-08,1.61
2016-05-09,1.61
2016-05-10,1.61
2016-05-11,1.61
2016-05-12,1.61
2016-05-13,1.61
2016-05-14,1.61
2016-05-15,1.61
2016-05-16,1.61
2016-05-17,1.61
2016-05-18,1.61
2016-05-19,1.61
2016-05-20,1.61
2016-05-21,1.61
2016-05-22,1.61
2016-05-23,1.61
2016-05-24,1.61
2016-05-25,1.61
2016-05-26,1.61
2016-05-27,1.61
2016-05-28,1.61
2016-05-29,1.61
2016-05-30,1.61
2016-05-31,1.61
2016-06-01,1.57
2016-06-02,1.57
2016-06-03,1.57
2016-06-04,1.57
2016-06-05,1.57
2016-06-06,1.57
2016-06-07,1.57
2016-06-08,1.57
2016-06-09,1.57
2016-06-10,1.57
2016-06-11,1.57
2016-06-12,1.57
2016-06-13,1.57
2016-06-14,1.57
2016-06-15,1.57
2016-06-16,1.57
2016-06-17,1.57
2016-06-18,1.57
2016-06-19,1.57
2016-06-20,1.57
2016-06-21,1.57
2016-06-22,1.57
2016-06-23,1.57
2016-06-24,1.57
2016-06-25,1.57
2016-06-26,1.57
2016-06-27,1.57
2016-06-28,1.57
2016-06-29,1.57
2016-06-30,1.57
2016-07-01,1.44
2016-07-02,1.44
2016-07-03,1.44
2016-07-04,1.44
2016-07-05,1.44
2016-07-06,1.44
2016-07-07,1.44
2016-07-08,1.44
2016-07-09,1.44
2016-07-10,1.44
2016-07-11,1.44
2016-07-12,1.44
2016-07-13,1.44
2016-07-14,1.44
2016-07-15,1.44
2016-07-16,1.44
2016-07-17,1.44
2016-07-18,1.44
2016-07-19,1.44
2016-07-20,1.44
2016-07-21,1.44
2016-07-22,1.44
2016-07-23,1.44
2016-07-24,1.44
2016-07-25,1.44
2016-07-26,1.44
2016-07-27,1.44
2016-07-28,1.44
2016-07-29,1.44
2016-07-30,1.44
2016-07-31,1.44
2016-08-01,1.36
2016-08-02,1.36
2016-08-03,1.36
2016-08-04,1.36
2016-08-05,1.36
2016-08-06,1.36
2016-08-07,1.36
2016-08-08,1.36
2016-08-09,1.36
2016-08-10,1.36
2016-08-11,1.36
2016-08-12,1.36
2016-08-13,1.36
2016-08-14,1.36
2016-08-15,1.36
2016-08-16,1.36
2016-08-17,1.36
2016-08-18,1.36
2016-08-19,1.36
2016-08-20,1.36
2016-08-21,1.36
2016-08-22,1.36
2016-08-23,1.36
2016-08-24,1.36
2016-08-25,1.36
2016-08-26,1.36
2016-08-27,1.36
2016-08-28,1.36
2016-08-29,1.36
2016-08-30,1.36
2016-08-31,1.36
2016-09-01,1.4
2016-09-02,1.4
2016-09-03,1.4
2016-09-04,1.4
2016-09-05,1.4
2016-09-06,1.4
2016-09-07,1.4
2016-09-08,1.4
2016-09-09,1.4
2016-09-10,1.4
2016-09-11,1.4
2016-09-12,1.4
2016-09-13,1.4
2016-09-14,1.4
2016-09-15,1.4
2016-09-16,1.4
2016-09-17,1.4
2016-09-18,1.4
2016-09-19,1.4
2016-09-20,1.4
2016-09-21,1.4
2016-09-22,1.4
2016-09-23,1.4
2016-09-24,1.4
2016-09-25,1.4
2016-09-26,1.4
2016-09-27,1.4
2016-09-28,1.4
2016-09-29,1.4
2016-09-30,1.4
2016-10-01,1.48
2016-10-02,1.48
2016-10-03,1.48
2016-10-04,1.48
2016-10-05,1.48
2016-10-06,1.48
2016-10-07,1.48
2016-10-08,1.48
2016-10-09,1.48
2016-10-10,1.48
2016-10-11,1.48
2016-10-12,1.48
2016-10-13,1.48
2016-10-14,1.48
2016-10-15,1.48
2016-10-16,1.48
2016-10-17,1.48
2016-10-18,1.48
2016-10-19,1.48
2016-10-20,1.48
2016-10-21,1.48
2016-10-22,1.48
2016-10-23,1.48
2016-10-24,1.48
2016-10-25,1.48
2016-10-26,1.48
2016-10-27,1.48
2016-10-28,1.48
2016-10-29,1.48
2016-10-30,1.48
2016-10-31,1.48
2016-11-01,1.57
2016-11-02,1.57
2016-11-03,1.57
2016-11-04,1.57
2016-11-05,1.57
2016-11-06,1.57
2016-11-07,1.57
2016-11-08,1.57
2016-11-09,1.57
2016-11-10,1.57
2016-11-11,1.57
2016-11-12,1.57
2016-11-13,1.57
2016-11-14,1.57
2016-11-15,1.57
2016-11-16,1.57
2016-11-17,1.57
2016-11-18,1.57
2016-11-19,1.57
2016-11-20,1.57
2016-11-21,1.57
2016-11-22,1.57
2016-11-23,1.57
2016-11-24,1.57
2016-11-25,1.57
2016-11-26,1.57
2016-11-27,1.57
2016-11-28,1.57
2016-11-29,1.57
2016-11-30,1.57
2016-12-01,1.69
2016-12-02,1.69
2016-12-03,1.69
2016-12-04,1.69
2016-12-05,1.69
2016-12-06,1.69
2016-12-07,1.69
2016-12-08,1.69
2016-12-09,1.69
2016-12-10,1.69
2016-12-11,1.69
2016-12-12,1.69
2016-12-13,1.69
2016-12-14,1.69
2016-12-15,1.69
2016-12-16,1.69
2016-12-17,1.69
2016-12-18,1.69
2016-12-19,1.69
2016-12-20,1.69
2016-12-21,1.69
2016-12-22,1.69
2016-12-23,1.69
2016-12-24,1.69
2016-12-25,1.69
2016-12-26,1.69
2016-12-27,1.69
2016-12-28,1.69
2016-12-29,1.69
2016-12-30,1.69
2016-12-31,1.69
2017-01-01,1.66
2017-01-02,1.66
2017-01-03,1.66
2017-01-04,1.66
2017-01-05,1.66
2017-01-06,1.66
2017-01-07,1.66
2017-01-08,1.66
2017-01-09,1.66
2017-01-10,1.66
2017-01-11,1.66
2017-01-12,1.66
2017-01-13,1.66
2017-01-14,1.66
2017-01-15,1.66
2017-01-16,1.66
2017-01-17,1.66
2017-01-18,1.66
2017-01-19,1.66
2017-01-20,1.66
2017-01-21,1.66
2017-01-22,1.66
2017-01-23,1.66
2017-01-24,1.66
2017-01-25,1.66
2017-01-26,1.66
2017-01-27,1.66
2017-01-28,1.66
2017-01-29,1.66
2017-01-30,1.66
2017-01-31,1.66
2017-02-01,1.58
2017-02-02,1.58
2017-02-03,1.58
2017-02-04,1.58
2017-02-05,1.58
2017-02-06,1.58
2017-02-07,1.58
2017-02-08,1.58
2017-02-09,1.58
2017-02-10,1.58
2017-02-11,1.58
2017-02-12,1.58
2017-02-13,1.58
2017-02-14,1.58
2017-02-15,1.58
2017-02-16,1.58
2017-02-17,1.58
2017-02-18,1.58
2017-02-19,1.58
2017-02-20,1.58
2017-02-21,1.58
2017-02-22,1.58
2017-02-23,1.58
2017-02-24,1.58
2017-02-25,1.58
2017-02-26,1.58
2017-02-27,1.58
2017-02-28,1.58
2017-03-01,1.59
2017-03-02,1.59
2017-03-03,1.59
2017-03-04,1.59
2017-03-05,1.59
2017-03-06,1.59
2017-03-07,1.59
2017-03-08,1.59
2017-03-09,1.59
2017-03-10,1.59
2017-03-11,1.59
2017-03-12,1.59
2017-03-13,1.59
2017-03-14,1.59
2017-03-15,1.59
2017-03-16,1.59
2017-03-17,1.59
2017-03-18,1.59
2017-03-19,1.59
2017-03-20,1.59
2017-03-21,1.59
2017-03-22,1.59
2017-03-23,1.59
2017-03-24,1.59
2017-03-25,1.59
2017-03-26,1.59
2017-03-27,1.59
2017-03-28,1.59
2017-03-29,1.59
2017-03-30,1.59
2017-03-31,1.59
2017-04-01,1.58
2017-04-02,1.58
2017-04-03,1.58
2017-04-04,1.58
2017-04-05,1.58
2017-04-06,1.58
2017-04-07,1.58
2017-04-08,1.58
2017-04-09,1.58
2017-04-10,1.58
2017-04-11,1.58
2017-04-12,1.58
2017-04-13,1.58
2017-04-14,1.58
2017-04-15,1.58
2017-04-16,1.58
2017-04-17,1.58
2017-04-18,1.58
2017-04-19,1.58
2017-04-20,1.58
2017-04-21,1.58
2017-04-22,1.58
2017-04-23,1.58
2017-04-24,1.58
2017-04-25,1.58
2017-04-26,1.58
2017-04-27,1.58
2017-04-28,1.58
2017-04-29,1.58
2017-04-30,1.58
2017-05-01,1.6
2017-05-02,1.6
2017-05-03,1.6
2017-05-04,1.6
2017-05-05,1.6
2017-05-06,1.6
2017-05-07,1.6
2017-05-08,1.6
2017-05-09,1.6
2017-05-10,1.6
2017-05-11,1.6
2017-05-12,1.6
2017-05-13,1.6
2017-05-14,1.6
2017-05-15,1.6
2017-05-16,1.6
2017-05-17,1.6
2017-05-18,1.6
2017-05-19,1.6
2017-05-20,1.6
2017-05-21,1.6
2017-05-22,1.6
2017-05-23,1.6
2017-05-24,1.6
2017-05-25,1.6
2017-05-26,1.6
2017-05-27,1.6
2017-05-28,1.6
2017-05-29,1.6
2017-05-30,1.6
2017-05-31,1.6
2017-06-01,1.64
2017-06-02,1.64
2017-06-03,1.64
2017-06-04,1.64
2017-06-05,1.64
2017-06-06,1.64
2017-06-07,1.64
2017-06-08,1.64
2017-06-09,1.64
2017-06-10,1.64
2017-06-11,1.64
2017-06-12,1.64
2017-06-13,1.64
2017-06-14,1.64
2017-06-15,1.64
2017-06-16,1.64
2017-06-17,1.64
2017-06-18,1.64
2017-06-19,1.64
2017-06-20,1.64
2017-06-21,1.64
2017-06-22,1.64
2017-06-23,1.64
2017-06-24,1.64
2017-06-25,1.64
2017-06-26,1.64
2017-06-27,1.64
2017-06-28,1.64
2017-06-29,1.64
2017-06-30,1.64
2017-07-01,1.62
2017-07-02,1.62
2017-07-03,1.62
2017-07-04,1.62
2017-07-05,1.62
2017-07-06,1.62
2017-07-07,1.62
2017-07-08,1.62
2017-07-09,1.62
2017-07-10,1.62
2017-07-11,1.62
2017-07-12,1.62
2017-07-13,1.62
2017-07-14,1.62
2017-07-15,1.62
2017-07-16,1.62
2017-07-17,1.62
2017-07-18,1.62
2017-07-19,1.62
2017-07-20,1.62
2017-07-21,1.62
2017-07-22,1.62
2017-07-23,1.62
2017-07-24,1.62
2017-07-25,1.62
2017-07-26,1.62
2017-07-27,1.62
2017-07-28,1.62
2017-07-29,1.62
2017-07-30,1.62
2017-07-31,1.62
2017-08-01,1.73
2017-08-02,1.73
2017-08-03,1.73
2017-08-04,1.73
2017-08-05,1.73
2017-08-06,1.73
2017-08-07,1.73
2017-08-08,1.73
2017-08-09,1.73
2017-08-10,1.73
2017-08-11,1.73
2017-08-12,1.73
2017-08-13,1.73
2017-08-14,1.73
2017-08-15,1.73
2017-08-16,1.73
2017-08-17,1.73
2017-08-18,1.73
2017-08-19,1.73
2017-08-20,1.73
2017-08-21,1.73
2017-08-22,1.73
2017-08-23,1.73
2017-08-24,1.73
2017-08-25,1.73
2017-08-26,1.73
2017-08-27,1.73
2017-08-28,1.73
2017-08-29,1.73
2017-08-30,1.73
2017-08-31,1.73
2017-09-01,1.86
2017-09-02,1.86
2017-09-03,1.86
2017-09-04,1.86
2017-09-05,1.86
2017-09-06,1.86
2017-09-07,1.86
2017-09-08,1.86
2017-09-09,1.86
2017-09-10,1.86
2017-09-11,1.86
2017-09-12,1.86
2017-09-13,1.86
2017-09-14,1.86
2017-09-15,1.86
2017-09-16,1.86
2017-09-17,1.86
2017-09-18,1.86
2017-09-19,1.86
2017-09-20,1.86
2017-09-21,1.86
2017-09-22,1.86
2017-09-23,1.86
2017-09-24,1.86
2017-09-25,1.86
2017-09-26,1.86
2017-09-27,1.86
2017-09-28,1.86
2017-09-29,1.86
2017-09-30,1.86
2017-10-01,1.95
2017-10-02,1.95
2017-10-03,1.95
2017-10-04,1.95
2017-10-05,1.95
2017-10-06,1.95
2017-10-07,1.95
2017-10-08,1.95
2017-10-09,1.95
2017-10-10,1.95
2017-10-11,1.95
2017-10-12,1.95
2017-10-13,1.95
2017-10-14,1.95
2017-10-15,1.95
2017-10-16,1.95
2017-10-17,1.95
2017-10-18,1.95
2017-10-19,1.95
2017-10-20,1.95
2017-10-21,1.95
2017-10-22,1.95
2017-10-23,1.95
2017-10-24,1.95
2017-10-25,1.95
2017-10-26,1.95
2017-10-27,1.95
2017-10-28,1.95
2017-10-29,1.95
2017-10-30,1.95
2017-10-31,1.95
2017-11-01,2.07
2017-11-02,2.07
2017-11-03,2.07
2017-11-04,2.07
2017-11-05,2.07
2017-11-06,2.07
2017-11-07,2.07
2017-11-08,2.07
2017-11-09,2.07
2017-11-10,2.07
2017-11-11,2.07
2017-11-12,2.07
2017-11-13,2.07
2017-11-14,2.07
2017-11-15,2.07
2017-11-16,2.07
2017-11-17,2.07
2017-11-18,2.07
2017-11-19,2.07
2017-11-20,2.07
2017-11-21,2.07
2017-11-22,2.07
2017-11-23,2.07
2017-11-24,2.07
2017-11-25,2.07
2017-11-26,2.07
2017-11-27,2.07
2017-11-28,2.07
2017-11-29,2.07
2017-11-30,2.07
2017-12-01,2.19
2017-12-02,2.19
2017-12-03,2.19
2017-12-04,2.19
2017-12-05,2.19
2017-12-06,2.19
2017-12-07,2.19
2017-12-08,2.19
2017-12-09,2.19
2017-12-10,2.19
2017-12-11,2.19
2017-12-12,2.19
2017-12-13,2.19
2017-12-14,2.19
2017-12-15,2.19
2017-12-16,2.19
2017-12-17,2.19
2017-12-18,2.19
2017-12-19,2.19
2017-12-20,2.19
2017-12-21,2.19
2017-12-22,2.19
2017-12-23,2.19
2017-12-24,2.19
2017-12-25,2.19
2017-12-26,2.19
2017-12-27,2.19
2017-12-28,2.19
2017-12-29,2.19
2017-12-30,2.19
2017-12-31,2.19
2018-01-01,2.07
2018-01-02,2.07
2018-01-03,2.07
2018-01-04,2.07
2018-01-05,2.07
2018-01-06,2.07
2018-01-07,2.07
2018-01-08,2.07
2018-01-09,2.07
2018-01-10,2.07
2018-01-11,2.07
2018-01-12,2.07
2018-01-13,2.07
2018-01-14,2.07
2018-01-15,2.07
2018-01-16,2.07
2018-01-17,2.07
2018-01-18,2.07
2018-01-19,2.07
2018-01-20,2.07
2018-01-21,2.07
2018-01-22,2.07
2018-01-23,2.07
2018-01-24,2.07
2018-01-25,2.07
2018-01-26,2.07
2018-01-27,2.07
2018-01-28,2.07
2018-01-29,2.07
2018-01-30,2.07
2018-01-31,2.07
2018-02-01,2.16
2018-02-02,2.16
2018-02-03,2.16
2018-02-04,2.16
2018-02-05,2.16
2018-02-06,2.16
2018-02-07,2.16
2018-02-08,2.16
2018-02-09,2.16
2018-02-10,2.16
2018-02-11,2.16
2018-02-12,2.16
2018-02-13,2.16
2018-02-14,2.16
2018-02-15,2.16
2018-02-16,2.16
2018-02-17,2.16
2018-02-18,2.16
2018-02-19,2.16
2018-02-20,2.16
2018-02-21,2.16
2018-02-22,2.16
2018-02-23,2.16
2018-02-24,2.16
2018-02-25,2.16
2018-02-26,2.16
2018-02-27,2.16
2018-02-28,2.16
2018-03-01,2.16
2018-03-02,2.16
2018-03-03,2.16
2018-03-04,2.16
2018-03-05,2.16
2018-03-06,2.16
2018-03-07,2.16
2018-03-08,2.16
2018-03-09,2.16
2018-03-10,2.16
2018-03-11,2.16
2018-03-12,2.16
2018-03-13,2.16
2018-03-14,2.16
2018-03-15,2.16
2018-03-16,2.16
2018-03-17,2.16
2018-03-18,2.16
2018-03-19,2.16
2018-03-20,2.16
2018-03-21,2.16
2018-03-22,2.16
2018-03-23,2.16
2018-03-24,2.16
2018-03-25,2.16
2018-03-26,2.16
2018-03-27,2.16
2018-03-28,2.16
2018-03-29,2.16
2018-03-30,2.16
2018-03-31,2.16
2018-04-01,2.11
2018-04-02,2.11
2018-04-03,2.11
2018-04-04,2.11
2018-04-05,2.11
2018-04-06,2.11
2018-04-07,2.11
2018-04-08,2.11
2018-04-09,2.11
2018-04-10,2.11
2018-04-11,2.11
2018-04-12,2.11
2018-04-13,2.11
2018-04-14,2.11
2018-04-15,2.11
2018-04-16,2.11
2018-04-17,2.11
2018-04-18,2.11
2018-04-19,2.11
2018-04-20,2.11
2018-04-21,2.11
2018-04-22,2.11
2018-04-23,2.11
2018-04-24,2.11
2018-04-25,2.11
2018-04-26,2.11
2018-04-27,2.11
2018-04-28,2.11
2018-04-29,2.11
2018-04-30,2.11
2018-05-01,2.1
2018-05-02,2.1
2018-05-03,2.1
2018-05-04,2.1
2018-05-05,2.1
2018-05-06,2.1
2018-05-07,2.1
2018-05-08,2.1
2018-05-09,2.1
2018-05-10,2.1
2018-05-11,2.1
2018-05-12,2.1
2018-05-13,2.1
2018-05-14,2.1
2018-05-15,2.1
2018-05-16,2.1
2018-05-17,2.1
2018-05-18,2.1
2018-05-19,2.1
2018-05-20,2.1
2018-05-21,2.1
2018-05-22,2.1
2018-05-23,2.1
2018-05-24,2.1
2018-05-25,2.1
2018-05-26,2.1
2018-05-27,2.1
2018-05-28,2.1
2018-05-29,2.1
2018-05-30,2.1
2018-05-31,2.1
2018-06-01,2.11
2018-06-02,2.11
2018-06-03,2.11
2018-06-04,2.11
2018-06-05,2.11
2018-06-06,2.11
2018-06-07,2.11
2018-06-08,2.11
2018-06-09,2.11
2018-06-10,2.11
2018-06-11,2.11
2018-06-12,2.11
2018-06-13,2.11
2018-06-14,2.11
2018-06-15,2.11
2018-06-16,2.11
2018-06-17,2.11
2018-06-18,2.11
2018-06-19,2.11
2018-06-20,2.11
2018-06-21,2.11
2018-06-22,2.11
2018-06-23,2.11
2018-06-24,2.11
2018-06-25,2.11
2018-06-26,2.11
2018-06-27,2.11
2018-06-28,2.11
2018-06-29,2.11
2018-06-30,2.11
2018-07-01,2.09
2018-07-02,2.09
2018-07-03,2.09
2018-07-04,2.09
2018-07-05,2.09
2018-07-06,2.09
2018-07-07,2.09
2018-07-08,2.09
2018-07-09,2.09
2018-07-10,2.09
2018-07-11,2.09
2018-07-12,2.09
2018-07-13,2.09
2018-07-14,2.09
2018-07-15,2.09
2018-07-16,2.09
2018-07-17,2.09
2018-07-18,2.09
2018-07-19,2.09
2018-07-20,2.09
2018-07-21,2.09
2018-07-22,2.09
2018-07-23,2.09
2018-07-24,2.09
2018-07-25,2.09
2018-07-26,2.09
2018-07-27,2.09
2018-07-28,2.09
2018-07-29,2.09
2018-07-30,2.09
2018-07-31,2.09
2018-08-01,2.01
2018-08-02,2.01
2018-08-03,2.01
2018-08-04,2.01
2018-08-05,2.01
2018-08-06,2.01
2018-08-07,2.01
2018-08-08,2.01
2018-08-09,2.01
2018-08-10,2.01
2018-08-11,2.01
2018-08-12,2.01
2018-08-13,2.01
2018-08-14,2.01
2018-08-15,2.01
2018-08-16,2.01
2018-08-17,2.01
2018-08-18,2.01
2018-08-19,2.01
2018-08-20,2.01
2018-08-21,2.01
2018-08-22,2.01
2018-08-23,2.01
2018-08-24,2.01
2018-08-25,2.01
2018-08-26,2.01
2018-08-27,2.01
2018-08-28,2.01
2018-08-29,2.01
2018-08-30,2.01
2018-08-31,2.01
2018-09-01,2.05
2018-09-02,2.05
2018-09-03,2.05
2018-09-04,2.05
2018-09-05,2.05
2018-09-06,2.05
2018-09-07,2.05
2018-09-08,2.05
2018-09-09,2.05
2018-09-10,2.05
2018-09-11,2.05
2018-09-12,2.05
2018-09-13,2.05
2018-09-14,2.05
2018-09-15,2.05
2018-09-16,2.05
2018-09-17,2.05
2018-09-18,2.05
2018-09-19,2.05
2018-09-20,2.05
2018-09-21,2.05
2018-09-22,2.05
2018-09-23,2.05
2018-09-24,2.05
2018-09-25,2.05
2018-09-26,2.05
2018-09-27,2.05
2018-09-28,2.05
2018-09-29,2.05
2018-09-30,2.05
2018-10-01,2.09
2018-10-02,2.09
2018-10-03,2.09
2018-10-04,2.09
2018-10-05,2.09
2018-10-06,2.09
2018-10-07,2.09
2018-10-08,2.09
2018-10-09,2.09
2018-10-10,2.09
2018-10-11,2.09
2018-10-12,2.09
2018-10-13,2.09
2018-10-14,2.09
2018-10-15,2.09
2018-10-16,2.09
2018-10-17,2.09
2018-10-18,2.09
2018-10-19,2.09
2018-10-20,2.09
2018-10-21,2.09
2018-10-22,2.09
2018-10-23,2.09
2018-10-24,2.09
2018-10-25,2.09
2018-10-26,2.09
2018-10-27,2.09
2018-10-28,2.09
2018-10-29,2.09
2018-10-30,2.09
2018-10-31,2.09
2018-11-01,2.16
2018-11-02,2.16
2018-11-03,2.16
2018-11-04,2.16
2018-11-05,2.16
2018-11-06,2.16
2018-11-07,2.16
2018-11-08,2.16
2018-11-09,2.16
2018-11-10,2.16
2018-11-11,2.16
2018-11-12,2.16
2018-11-13,2.16
2018-11-14,2.16
2018-11-15,2.16
2018-11-16,2.16
2018-11-17,2.16
2018-11-18,2.16
2018-11-19,2.16
2018-11-20,2.16
2018-11-21,2.16
2018-11-22,2.16
2018-11-23,2.16
2018-11-24,2.16
2018-11-25,2.16
2018-11-26,2.16
2018-11-27,2.16
2018-11-28,2.16
2018-11-29,2.16
2018-11-30,2.16
2018-12-01,2.27
2018-12-02,2.27
2018-12-03,2.27
2018-12-04,2.27
2018-12-05,2.27
2018-12-06,2.27
2018-12-07,2.27
2018-12-08,2.27
2018-12-09,2.27
2018-12-10,2.27
2018-12-11,2.27
2018-12-12,2.27
2018-12-13,2.27
2018-12-14,2.27
2018-12-15,2.27
2018-12-16,2.27
2018-12-17,2.27
2018-12-18,2.27
2018-12-19,2.27
2018-12-20,2.27
2018-12-21,2.27
2018-12-22,2.27
2018-12-23,2.27
2018-12-24,2.27
2018-12-25,2.27
2018-12-26,2.27
2018-12-27,2.27
2018-12-28,2.27
2018-12-29,2.27
2018-12-30,2.27
2018-12-31,2.27
2019-01-01,2.14
2019-01-02,2.14
2019-01-03,2.14
2019-01-04,2.14
2019-01-05,2.14
2019-01-06,2.14
2019-01-07,2.14
2019-01-08,2.14
2019-01-09,2.14
2019-01-10,2.14
2019-01-11,2.14
2019-01-12,2.14
2019-01-13,2.14
2019-01-14,2.14
2019-01-15,2.14
2019-01-16,2.14
2019-01-17,2.14
2019-01-18,2.14
2019-01-19,2.14
2019-01-20,2.14
2019-01-21,2.14
2019-01-22,2.14
2019-01-23,2.14
2019-01-24,2.14
2019-01-25,2.14
2019-01-26,2.14
2019-01-27,2.14
2019-01-28,2.14
2019-01-29,2.14
2019-01-30,2.14
2019-01-31,2.14
2019-02-01,2.05
2019-02-02,2.05
2019-02-03,2.05
2019-02-04,2.05
2019-02-05,2.05
2019-02-06,2.05
2019-02-07,2.05
2019-02-08,2.05
2019-02-09,2.05
2019-02-10,2.05
2019-02-11,2.05
2019-02-12,2.05
2019-02-13,2.05
2019-02-14,2.05
2019-02-15,2.05
2019-02-16,2.05
2019-02-17,2.05
2019-02-18,2.05
2019-02-19,2.05
2019-02-20,2.05
2019-02-21,2.05
2019-02-22,2.05
2019-02-23,2.05
2019-02-24,2.05
2019-02-25,2.05
2019-02-26,2.05
2019-02-27,2.05
2019-02-28,2.05
2019-03-01,2.05
2019-03-02,2.05
2019-03-03,2.05
2019-03-04,2.05
2019-03-05,2.05
2019-03-06,2.05
2019-03-07,2.05
2019-03-08,2.05
2019-03-09,2.05
2019-03-10,2.05
2019-03-11,2.05
2019-03-12,2.05
2019-03-13,2.05
2019-03-14,2.05
2019-03-15,2.05
2019-03-16,2.05
2019-03-17,2.05
2019-03-18,2.05
2019-03-19,2.05
2019-03-20,2.05
2019-03-21,2.05
2019-03-22,2.05
2019-03-23,2.05
2019-03-24,2.05
2019-03-25,2.05
2019-03-26,2.05
2019-03-27,2.05
2019-03-28,2.05
2019-03-29,2.05
2019-03-30,2.05
2019-03-31,2.05
2019-04-01,2.05
2019-04-02,2.05
2019-04-03,2.05
2019-04-04,2.05
2019-04-05,2.05
2019-04-06,2.05
2019-04-07,2.05
2019-04-08,2.05
2019-04-09,2.05
2019-04-10,2.05
2019-04-11,2.05
2019-04-12,2.05
2019-04-13,2.05
2019-04-14,2.05
2019-04-15,2.05
2019-04-16,2.05
2019-04-17,2.05
2019-04-18,2.05
2019-04-19,2.05
2019-04-20,2.05
2019-04-21,2.05
2019-04-22,2.05
2019-04-23,2.05
2019-04-24,2.05
2019-04-25,2.05
2019-04-26,2.05
2019-04-27,2.05
2019-04-28,2.05
2019-04-29,2.05
2019-04-30,2.05
2019-05-01,2.01
2019-05-02,2.01
2019-05-03,2.01
2019-05-04,2.01
2019-05-05,2.01
2019-05-06,2.01
2019-05-07,2.01
2019-05-08,2.01
2019-05-09,2.01
2019-05-10,2.01
2019-05-11,2.01
2019-05-12,2.01
2019-05-13,2.01
2019-05-14,2.01
2019-05-15,2.01
2019-05-16,2.01
2019-05-17,2.01
2019-05-18,2.01
2019-05-19,2.01
2019-05-20,2.01
2019-05-21,2.01
2019-05-22,2.01
2019-05-23,2.01
2019-05-24,2.01
2019-05-25,2.01
2019-05-26,2.01
2019-05-27,2.01
2019-05-28,2.01
2019-05-29,2.01
2019-05-30,2.01
2019-05-31,2.01
2019-06-01,1.94
2019-06-02,1.94
2019-06-03,1.94
2019-06-04,1.94
2019-06-05,1.94
2019-06-06,1.94
2019-06-07,1.94
2019-06-08,1.94
2019-06-09,1.94
2019-06-10,1.94
2019-06-11,1.94
2019-06-12,1.94
2019-06-13,1.94
2019-06-14,1.94
2019-06-15,1.94
2019-06-16,1.94
2019-06-17,1.94
2019-06-18,1.94
2019-06-19,1.94
2019-06-20,1.94
2019-06-21,1.94
2019-06-22,1.94
2019-06-23,1.94
2019-06-24,1.94
2019-06-25,1.94
2019-06-26,1.94
2019-06-27,1.94
2019-06-28,1.94
2019-06-29,1.94
2019-06-30,1.94
2019-07-01,1.83
2019-07-02,1.83
2019-07-03,1.83
2019-07-04,1.83
2019-07-05,1.83
2019-07-06,1.83
2019-07-07,1.83
2019-07-08,1.83
2019-07-09,1.83
2019-07-10,1.83
2019-07-11,1.83
2019-07-12,1.83
2019-07-13,1.83
2019-07-14,1.83
2019-07-15,1.83
2019-07-16,1.83
2019-07-17,1.83
2019-07-18,1.83
2019-07-19,1.83
2019-07-20,1.83
2019-07-21,1.83
2019-07-22,1.83
2019-07-23,1.83
2019-07-24,1.83
2019-07-25,1.83
2019-07-26,1.83
2019-07-27,1.83
2019-07-28,1.83
2019-07-29,1.83
2019-07-30,1.83
2019-07-31,1.83
2019-08-01,1.61
2019-08-02,1.61
2019-08-03,1.61
2019-08-04,1.61
2019-08-05,1.61
2019-08-06,1.61
2019-08-07,1.61
2019-08-08,1.61
2019-08-09,1.61
2019-08-10,1.61
2019-08-11,1.61
2019-08-12,1.61
2019-08-13,1.61
2019-08-14,1.61
2019-08-15,1.61
2019-08-16,1.61
2019-08-17,1.61
2019-08-18,1.61
2019-08-19,1.61
2019-08-20,1.61
2019-08-21,1.61
2019-08-22,1.61
2019-08-23,1.61
2019-08-24,1.61
2019-08-25,1.61
2019-08-26,1.61
2019-08-27,1.61
2019-08-28,1.61
2019-08-29,1.61
2019-08-30,1.61
2019-08-31,1.61
2019-09-01,1.72
2019-09-02,1.72
2019-09-03,1.72
2019-09-04,1.72
2019-09-05,1.72
2019-09-06,1.72
2019-09-07,1.72
2019-09-08,1.72
2019-09-09,1.72
2019-09-10,1.72
2019-09-11,1.72
2019-09-12,1.72
2019-09-13,1.72
2019-09-14,1.72
2019-09-15,1.72
2019-09-16,1.72
2019-09-17,1.72
2019-09-18,1.72
2019-09-19,1.72
2019-09-20,1.72
2019-09-21,1.72
2019-09-22,1.72
2019-09-23,1.72
2019-09-24,1.72
2019-09-25,1.72
2019-09-26,1.72
2019-09-27,1.72
2019-09-28,1.72
2019-09-29,1.72
2019-09-30,1.72
2019-10-01,1.72
2019-10-02,1.72
2019-10-03,1.72
2019-10-04,1.72
2019-10-05,1.72
2019-10-06,1.72
2019-10-07,1.72
2019-10-08,1.72
2019-10-09,1.72
2019-10-10,1.72
2019-10-11,1.72
2019-10-12,1.72
2019-10-13,1.72
2019-10-14,1.72
2019-10-15,1.72
2019-10-16,1.72
2019-10-17,1.72
2019-10-18,1.72
2019-10-19,1.72
2019-10-20,1.72
2019-10-21,1.72
2019-10-22,1.72
2019-10-23,1.72
2019-10-24,1.72
2019-10-25,1.72
2019-10-26,1.72
2019-10-27,1.72
2019-10-28,1.72
2019-10-29,1.72
2019-10-30,1.72
2019-10-31,1.72
2019-11-01,1.81
2019-11-02,1.81
2019-11-03,1.81
2019-11-04,1.81
2019-11-05,1.81
2019-11-06,1.81
2019-11-07,1.81
2019-11-08,1.81
2019-11-09,1.81
2019-11-10,1.81
2019-11-11,1.81
2019-11-12,1.81
2019-11-13,1.81
2019-11-14,1.81
2019-11-15,1.81
2019-11-16,1.81
2019-11-17,1.81
2019-11-18,1.81
2019-11-19,1.81
2019-11-20,1.81
2019-11-21,1.81
2019-11-22,1.81
2019-11-23,1.81
2019-11-24,1.81
2019-11-25,1.81
2019-11-26,1.81
2019-11-27,1.81
2019-11-28,1.81
2019-11-29,1.81
2019-11-30,1.81
2019-12-01,1.73
2019-12-02,1.73
2019-12-03,1.73
2019-12-04,1.73
2019-12-05,1.73
2019-12-06,1.73
2019-12-07,1.73
2019-12-08,1.73
2019-12-09,1.73
2019-12-10,1.73
2019-12-11,1.73
2019-12-12,1.73
2019-12-13,1.73
2019-12-14,1.73
2019-12-15,1.73
2019-12-16,1.73
2019-12-17,1.73
2019-12-18,1.73
2019-12-19,1.73
2019-12-20,1.73
2019-12-21,1.73
2019-12-22,1.73
2019-12-23,1.73
2019-12-24,1.73
2019-12-25,1.73
2019-12-26,1.73
2019-12-27,1.73
2019-12-28,1.73
2019-12-29,1.73
2019-12-30,1.73
2019-12-31,1.73
2020-01-01,1.73
2020-01-02,1.73
2020-01-03,1.73
2020-01-04,1.73
2020-01-05,1.73
2020-01-06,1.73
2020-01-07,1.73
2020-01-08,1.73
2020-01-09,1.73
2020-01-10,1.73
2020-01-11,1.73
2020-01-12,1.73
2020-01-13,1.73
2020-01-14,1.73
2020-01-15,1.73
2020-01-16,1.73
2020-01-17,1.73
2020-01-18,1.73
2020-01-19,1.73
2020-01-20,1.73
2020-01-21,1.73
2020-01-22,1.73
2020-01-23,1.73
2020-01-24,1.73
2020-01-25,1.73
2020-01-26,1.73
2020-01-27,1.73
2020-01-28,1.73
2020-01-29,1.73
2020-01-30,1.73
2020-01-31,1.73
2020-02-01,1.54
2020-02-02,1.54
2020-02-03,1.54
2020-02-04,1.54
2020-02-05,1.54
2020-02-06,1.54
2020-02-07,1.54
2020-02-08,1.54
2020-02-09,1.54
2020-02-10,1.54
2020-02-11,1.54
2020-02-12,1.54
2020-02-13,1.54
2020-02-14,1.54
2020-02-15,1.54
2020-02-16,1.54
2020-02-17,1.54
2020-02-18,1.54
2020-02-19,1.54
2020-02-20,1.54
2020-02-21,1.54
2020-02-22,1.54
2020-02-23,1.54
2020-02-24,1.54
2020-02-25,1.54
2020-02-26,1.54
2020-02-27,1.54
2020-02-28,1.54
2020-02-29,1.54
2020-03-01,1.43
2020-03-02,1.43
2020-03-03,1.43
2020-03-04,1.43
2020-03-05,1.43
2020-03-06,1.43
2020-03-07,1.43
2020-03-08,1.43
2020-03-09,1.43
2020-03-10,1.43
2020-03-11,1.43
2020-03-12,1.43
2020-03-13,1.43
2020-03-14,1.43
2020-03-15,1.43
2020-03-16,1.43
2020-03-17,1.43
2020-03-18,1.43
2020-03-19,1.43
2020-03-20,1.43
2020-03-21,1.43
2020-03-22,1.43
2020-03-23,1.43
2020-03-24,1.43
2020-03-25,1.43
2020-03-26,1.43
2020-03-27,1.43
2020-03-28,1.43
2020-03-29,1.43
2020-03-30,1.43
2020-03-31,1.43
2020-04-01,1.41
2020-04-02,1.41
2020-04-03,1.41
2020-04-04,1.41
2020-04-05,1.41
2020-04-06,1.41
2020-04-07,1.41
2020-04-08,1.41
2020-04-09,1.41
2020-04-10,1.41
2020-04-11,1.41
2020-04-12,1.41
2020-04-13,1.41
2020-04-14,1.41
2020-04-15,1.41
2020-04-16,1.41
2020-04-17,1.41
2020-04-18,1.41
2020-04-19,1.41
2020-04-20,1.41
2020-04-21,1.41
2020-04-22,1.41
2020-04-23,1.41
2020-04-24,1.41
2020-04-25,1.41
2020-04-26,1.41
2020-04-27,1.41
2020-04-28,1.41
2020-04-29,1.41
2020-04-30,1.41
2020-05-01,1.28
2020-05-02,1.28
2020-05-03,1.28
2020-05-04,1.28
2020-05-05,1.28
2020-05-06,1.28
2020-05-07,1.28
2020-05-08,1.28
2020-05-09,1.28
2020-05-10,1.28
2020-05-11,1.28
2020-05-12,1.28
2020-05-13,1.28
2020-05-14,1.28
2020-05-15,1.28
2020-05-16,1.28
2020-05-17,1.28
2020-05-18,1.28
2020-05-19,1.28
2020-05-20,1.28
2020-05-21,1.28
2020-05-22,1.28
2020-05-23,1.28
2020-05-24,1.28
2020-05-25,1.28
2020-05-26,1.28
2020-05-27,1.28
2020-05-28,1.28
2020-05-29,1.28
2020-05-30,1.28
2020-05-31,1.28
2020-06-01,1.06
2020-06-02,1.06
2020-06-03,1.06
2020-06-04,1.06
2020-06-05,1.06
2020-06-06,1.06
2020-06-07,1.06
2020-06-08,1.06
2020-06-09,1.06
2020-06-10,1.06
2020-06-11,1.06
2020-06-12,1.06
2020-06-13,1.06
2020-06-14,1.06
2020-06-15,1.06
2020-06-16,1.06
2020-06-17,1.06
2020-06-18,1.06
2020-06-19,1.06
2020-06-20,1.06
2020-06-21,1.06
2020-06-22,1.06
2020-06-23,1.06
2020-06-24,1.06
2020-06-25,1.06
2020-06-26,1.06
2020-06-27,1.06
2020-06-28,1.06
2020-06-29,1.06
2020-06-30,1.06
2020-07-01,0.99
2020-07-02,0.99
2020-07-03,0.99
2020-07-04,0.99
2020-07-05,0.99
2020-07-06,0.99
2020-07-07,0.99
2020-07-08,0.99
2020-07-09,0.99
2020-07-10,0.99
2020-07-11,0.99
2020-07-12,0.99
2020-07-13,0.99
2020-07-14,0.99
2020-07-15,0.99
2020-07-16,0.99
2020-07-17,0.99
2020-07-18,0.99
2020-07-19,0.99
2020-07-20,0.99
2020-07-21,0.99
2020-07-22,0.99
2020-07-23,0.99
2020-07-24,0.99
2020-07-25,0.99
2020-07-26,0.99
2020-07-27,0.99
2020-07-28,0.99
2020-07-29,0.99
2020-07-30,0.99
2020-07-31,0.99
2020-08-01,0.92
2020-08-02,0.92
2020-08-03,0.92
2020-08-04,0.92
2020-08-05,0.92
2020-08-06,0.92
2020-08-07,0.92
2020-08-08,0.92
2020-08-09,0.92
2020-08-10,0.92
2020-08-11,0.92
2020-08-12,0.92
2020-08-13,0.92
2020-08-14,0.92
2020-08-15,0.92
2020-08-16,0.92
2020-08-17,0.92
2020-08-18,0.92
2020-08-19,0.92
2020-08-20,0.92
2020-08-21,0.92
2020-08-22,0.92
2020-08-23,0.92
2020-08-24,0.92
2020-08-25,0.92
2020-08-26,0.92
2020-08-27,0.92
2020-08-28,0.92
2020-08-29,0.92
2020-08-30,0.92
2020-08-31,0.92
2020-09-01,0.96
2020-09-02,0.96
2020-09-03,0.96
2020-09-04,0.96
2020-09-05,0.96
2020-09-06,0.96
2020-09-07,0.96
2020-09-08,0.96
2020-09-09,0.96
2020-09-10,0.96
2020-09-11,0.96
2020-09-12,0.96
2020-09-13,0.96
2020-09-14,0.96
2020-09-15,0.96
2020-09-16,0.96
2020-09-17,0.96
2020-09-18,0.96
2020-09-19,0.96
2020-09-20,0.96
2020-09-21,0.96
2020-09-22,0.96
2020-09-23,0.96
2020-09-24,0.96
2020-09-25,0.96
2020-09-26,0.96
2020-09-27,0.96
2020-09-28,0.96
2020-09-29,0.96
2020-09-30,0.96
2020-10-01,1.02
2020-10-02,1.02
2020-10-03,1.02
2020-10-04,1.02
2020-10-05,1.02
2020-10-06,1.02
2020-10-07,1.02
2020-10-08,1.02
2020-10-09,1.02
2020-10-10,1.02
2020-10-11,1.02
2020-10-12,1.02
2020-10-13,1.02
2020-10-14,1.02
2020-10-15,1.02
2020-10-16,1.02
2020-10-17,1.02
2020-10-18,1.02
2020-10-19,1.02
2020-10-20,1.02
2020-10-21,1.02
2020-10-22,1.02
2020-10-23,1.02
2020-10-24,1.02
2020-10-25,1.02
2020-10-26,1.02
2020-10-27,1.02
2020-10-28,1.02
2020-10-29,1.02
2020-10-30,1.02
2020-10-31,1.02
2020-11-01,1.03
2020-11-02,1.03
2020-11-03,1.03
2020-11-04,1.03
2020-11-05,1.03
2020-11-06,1.03
2020-11-07,1.03
2020-11-08,1.03
2020-11-09,1.03
2020-11-10,1.03
2020-11-11,1.03
2020-11-12,1.03
2020-11-13,1.03
2020-11-14,1.03
2020-11-15,1.03
2020-11-16,1.03
2020-11-17,1.03
2020-11-18,1.03
2020-11-19,1.03
2020-11-20,1.03
2020-11-21,1.03
2020-11-22,1.03
2020-11-23,1.03
2020-11-24,1.03
2020-11-25,1.03
2020-11-26,1.03
2020-11-27,1.03
2020-11-28,1.03
2020-11-29,1.03
2020-11-30,1.03
2020-12-01,1.0
2020-12-02,1.0
2020-12-03,1.0
2020-12-04,1.0
2020-12-05,1.0
2020-12-06,1.0
2020-12-07,1.0
2020-12-08,1.0
2020-12-09,1.0
2020-12-10,1.0
2020-12-11,1.0
2020-12-12,1.0
2020-12-13,1.0
2020-12-14,1.0
2020-12-15,1.0
2020-12-16,1.0
2020-12-17,1.0
2020-12-18,1.0
2020-12-19,1.0
2020-12-20,1.0
2020-12-21,1.0
2020-12-22,1.0
2020-12-23,1.0
2020-12-24,1.0
2020-12-25,1.0
2020-12-26,1.0
2020-12-27,1.0
2020-12-28,1.0
2020-12-29,1.0
2020-12-30,1.0
2020-12-31,1.0
2021-01-01,1.01
2021-01-02,1.01
2021-01-03,1.01
2021-01-04,1.01
2021-01-05,1.01
2021-01-06,1.01
2021-01-07,1.01
2021-01-08,1.01
2021-01-09,1.01
2021-01-10,1.01
2021-01-11,1.01
2021-01-12,1.01
2021-01-13,1.01
2021-01-14,1.01
2021-01-15,1.01
2021-01-16,1.01
2021-01-17,1.01
2021-01-18,1.01
2021-01-19,1.01
2021-01-20,1.01
2021-01-21,1.01
2021-01-22,1.01
2021-01-23,1.01
2021-01-24,1.01
2021-01-25,1.01
2021-01-26,1.01
2021-01-27,1.01
2021-01-28,1.01
2021-01-29,1.01
2021-01-30,1.01
2021-01-31,1.01
2021-02-01,1.0
2021-02-02,1.0
2021-02-03,1.0
2021-02-04,1.0
2021-02-05,1.0
2021-02-06,1.0
2021-02-07,1.0
2021-02-08,1.0
2021-02-09,1.0
2021-02-10,1.0
2021-02-11,1.0
2021-02-12,1.0
2021-02-13,1.0
2021-02-14,1.0
2021-02-15,1.0
2021-02-16,1.0
2021-02-17,1.0
2021-02-18,1.0
2021-02-19,1.0
2021-02-20,1.0
2021-02-21,1.0
2021-02-22,1.0
2021-02-23,1.0
2021-02-24,1.0
2021-02-25,1.0
2021-02-26,1.0
2021-02-27,1.0
2021-02-28,1.0
2021-03-01,1.02
2021-03-02,1.02
2021-03-03,1.02
2021-03-04,1.02
2021-03-05,1.02
2021-03-06,1.02
2021-03-07,1.02
2021-03-08,1.02
2021-03-09,1.02
2021-03-10,1.02
2021-03-11,1.02
2021-03-12,1.02
2021-03-13,1.02
2021-03-14,1.02
2021-03-15,1.02
2021-03-16,1.02
2021-03-17,1.02
2021-03-18,1.02
2021-03-19,1.02
2021-03-20,1.02
2021-03-21,1.02
2021-03-22,1.02
2021-03-23,1.02
2021-03-24,1.02
2021-03-25,1.02
2021-03-26,1.02
2021-03-27,1.02
2021-03-28,1.02
2021-03-29,1.02
2021-03-30,1.02
2021-03-31,1.02
2021-04-01,1.04
2021-04-02,1.04
2021-04-03,1.04
2021-04-04,1.04
2021-04-05,1.04
2021-04-06,1.04
2021-04-07,1.04
2021-04-08,1.04
2021-04-09,1.04
2021-04-10,1.04
2021-04-11,1.04
2021-04-12,1.04
2021-04-13,1.04
2021-04-14,1.04
2021-04-15,1.04
2021-04-16,1.04
2021-04-17,1.04
2021-04-18,1.04
2021-04-19,1.04
2021-04-20,1.04
2021-04-21,1.04
2021-04-22,1.04
2021-04-23,1.04
2021-04-24,1.04
2021-04-25,1.04
2021-04-26,1.04
2021-04-27,1.04
2021-04-28,1.04
2021-04-29,1.04
2021-04-30,1.04
2021-05-01,1.07
2021-05-02,1.07
2021-05-03,1.07
2021-05-04,1.07
2021-05-05,1.07
2021-05-06,1.07
2021-05-07,1.07
2021-05-08,1.07
2021-05-09,1.07
2021-05-10,1.07
2021-05-11,1.07
2021-05-12,1.07
2021-05-13,1.07
2021-05-14,1.07
2021-05-15,1.07
2021-05-16,1.07
2021-05-17,1.07
2021-05-18,1.07
2021-05-19,1.07
2021-05-20,1.07
2021-05-21,1.07
2021-05-22,1.07
2021-05-23,1.07
2021-05-24,1.07
2021-05-25,1.07
2021-05-26,1.07
2021-05-27,1.07
2021-05-28,1.07
2021-05-29,1.07
2021-05-30,1.07
2021-05-31,1.07
2021-06-01,1.13
2021-06-02,1.13
2021-06-03,1.13
2021-06-04,1.13
2021-06-05,1.13
2021-06-06,1.13
2021-06-07,1.13
2021-06-08,1.13
2021-06-09,1.13
2021-06-10,1.13
2021-06-11,1.13
2021-06-12,1.13
2021-06-13,1.13
2021-06-14,1.13
2021-06-15,1.13
2021-06-16,1.13
2021-06-17,1.13
2021-06-18,1.13
2021-06-19,1.13
2021-06-20,1.13
2021-06-21,1.13
2021-06-22,1.13
2021-06-23,1.13
2021-06-24,1.13
2021-06-25,1.13
2021-06-26,1.13
2021-06-27,1.13
2021-06-28,1.13
2021-06-29,1.13
2021-06-30,1.13
2021-07-01,1.24
2021-07-02,1.24
2021-07-03,1.24
2021-07-04,1.24
2021-07-05,1.24
2021-07-06,1.24
2021-07-07,1.24
2021-07-08,1.24
2021-07-09,1.24
2021-07-10,1.24
2021-07-11,1.24
2021-07-12,1.24
2021-07-13,1.24
2021-07-14,1.24
2021-07-15,1.24
2021-07-16,1.24
2021-07-17,1.24
2021-07-18,1.24
2021-07-19,1.24
2021-07-20,1.24
2021-07-21,1.24
2021-07-22,1.24
2021-07-23,1.24
2021-07-24,1.24
2021-07-25,1.24
2021-07-26,1.24
2021-07-27,1.24
2021-07-28,1.24
2021-07-29,1.24
2021-07-30,1.24
2021-07-31,1.24
2021-08-01,1.36
2021-08-02,1.36
2021-08-03,1.36
2021-08-04,1.36
2021-08-05,1.36
2021-08-06,1.36
2021-08-07,1.36
2021-08-08,1.36
2021-08-09,1.36
2021-08-10,1.36
2021-08-11,1.36
2021-08-12,1.36
2021-08-13,1.36
2021-08-14,1.36
2021-08-15,1.36
2021-08-16,1.36
2021-08-17,1.36
2021-08-18,1.36
2021-08-19,1.36
2021-08-20,1.36
2021-08-21,1.36
2021-08-22,1.36
2021-08-23,1.36
2021-08-24,1.36
2021-08-25,1.36
2021-08-26,1.36
2021-08-27,1.36
2021-08-28,1.36
2021-08-29,1.36
2021-08-30,1.36
2021-08-31,1.36
2021-09-01,1.3
2021-09-02,1.3
2021-09-03,1.3
2021-09-04,1.3
2021-09-05,1.3
2021-09-06,1.3
2021-09-07,1.3
2021-09-08,1.3
2021-09-09,1.3
2021-09-10,1.3
2021-09-11,1.3
2021-09-12,1.3
2021-09-13,1.3
2021-09-14,1.3
2021-09-15,1.3
2021-09-16,1.3
2021-09-17,1.3
2021-09-18,1.3
2021-09-19,1.3
2021-09-20,1.3
2021-09-21,1.3
2021-09-22,1.3
2021-09-23,1.3
2021-09-24,1.3
2021-09-25,1.3
2021-09-26,1.3
2021-09-27,1.3
2021-09-28,1.3
2021-09-29,1.3
2021-09-30,1.3
2021-10-01,1.67
2021-10-02,1.67
2021-10-03,1.67
2021-10-04,1.67
2021-10-05,1.67
2021-10-06,1.67
2021-10-07,1.67
2021-10-08,1.67
2021-10-09,1.67
2021-10-10,1.67
2021-10-11,1.67
2021-10-12,1.67
2021-10-13,1.67
2021-10-14,1.67
2021-10-15,1.67
2021-10-16,1.67
2021-10-17,1.67
2021-10-18,1.67
2021-10-19,1.67
2021-10-20,1.67
2021-10-21,1.67
2021-10-22,1.67
2021-10-23,1.67
2021-10-24,1.67
2021-10-25,1.67
2021-10-26,1.67
2021-10-27,1.67
2021-10-28,1.67
2021-10-29,1.67
2021-10-30,1.67
2021-10-31,1.67
2021-11-01,1.91
2021-11-02,1.91
2021-11-03,1.91
2021-11-04,1.91
2021-11-05,1.91
2021-11-06,1.91
2021-11-07,1.91
2021-11-08,1.91
2021-11-09,1.91
2021-11-10,1.91
2021-11-11,1.91
2021-11-12,1.91
2021-11-13,1.91
2021-11-14,1.91
2021-11-15,1.91
2021-11-16,1.91
2021-11-17,1.91
2021-11-18,1.91
2021-11-19,1.91
2021-11-20,1.91
2021-11-21,1.91
2021-11-22,1.91
2021-11-23,1.91
2021-11-24,1.91
2021-11-25,1.91
2021-11-26,1.91
2021-11-27,1.91
2021-11-28,1.91
2021-11-29,1.91
2021-11-30,1.91
2021-12-01,1.99
2021-12-02,1.99
2021-12-03,1.99
2021-12-04,1.99
2021-12-05,1.99
2021-12-06,1.99
2021-12-07,1.99
2021-12-08,1.99
2021-12-09,1.99
2021-12-10,1.99
2021-12-11,1.99
2021-12-12,1.99
2021-12-13,1.99
2021-12-14,1.99
2021-12-15,1.99
2021-12-16,1.99
2021-12-17,1.99
2021-12-18,1.99
2021-12-19,1.99
2021-12-20,1.99
2021-12-21,1.99
2021-12-22,1.99
2021-12-23,1.99
2021-12-24,1.99
2021-12-25,1.99
2021-12-26,1.99
2021-12-27,1.99
2021-12-28,1.99
2021-12-29,1.99
2021-12-30,1.99
2021-12-31,1.99
2022-01-01,1.83
2022-01-02,1.83
2022-01-03,1.83
2022-01-04,1.83
2022-01-05,1.83
2022-01-06,1.83
2022-01-07,1.83
2022-01-08,1.83
2022-01-09,1.83
2022-01-10,1.83
2022-01-11,1.83
2022-01-12,1.83
2022-01-13,1.83
2022-01-14,1.83
2022-01-15,1.83
2022-01-16,1.83
2022-01-17,1.83
2022-01-18,1.83
2022-01-19,1.83
2022-01-20,1.83
2022-01-21,1.83
2022-01-22,1.83
2022-01-23,1.83
2022-01-24,1.83
2022-01-25,1.83
2022-01-26,1.83
2022-01-27,1.83
2022-01-28,1.83
2022-01-29,1.83
2022-01-30,1.83
2022-01-31,1.83
2022-02-01,1.98
2022-02-02,1.98
2022-02-03,1.98
2022-02-04,1.98
2022-02-05,1.98
2022-02-06,1.98
2022-02-07,1.98
2022-02-08,1.98
2022-02-09,1.98
2022-02-10,1.98
2022-02-11,1.98
2022-02-12,1.98
2022-02-13,1.98
2022-02-14,1.98
2022-02-15,1.98
2022-02-16,1.98
2022-02-17,1.98
2022-02-18,1.98
2022-02-19,1.98
2022-02-20,1.98
2022-02-21,1.98
2022-02-22,1.98
2022-02-23,1.98
2022-02-24,1.98
2022-02-25,1.98
2022-02-26,1.98
2022-02-27,1.98
2022-02-28,1.98
2022-03-01,2.11
2022-03-02,2.11
2022-03-03,2.11
2022-03-04,2.11
2022-03-05,2.11
2022-03-06,2.11
2022-03-07,2.11
2022-03-08,2.11
2022-03-09,2.11
2022-03-10,2.11
2022-03-11,2.11
2022-03-12,2.11
2022-03-13,2.11
2022-03-14,2.11
2022-03-15,2.11
2022-03-16,2.11
2022-03-17,2.11
2022-03-18,2.11
2022-03-19,2.11
2022-03-20,2.11
2022-03-21,2.11
2022-03-22,2.11
2022-03-23,2.11
2022-03-24,2.11
2022-03-25,2.11
2022-03-26,2.11
2022-03-27,2.11
2022-03-28,2.11
2022-03-29,2.11
2022-03-30,2.11
2022-03-31,2.11
2022-04-01,2.36
2022-04-02,2.36
2022-04-03,2.36
2022-04-04,2.36
2022-04-05,2.36
2022-04-06,2.36
2022-04-07,2.36
2022-04-08,2.36
2022-04-09,2.36
2022-04-10,2.36
2022-04-11,2.36
2022-04-12,2.36
2022-04-13,2.36
2022-04-14,2.36
2022-04-15,2.36
2022-04-16,2.36
2022-04-17,2.36
2022-04-18,2.36
2022-04-19,2.36
2022-04-20,2.36
2022-04-21,2.36
2022-04-22,2.36
2022-04-23,2.36
2022-04-24,2.36
2022-04-25,2.36
2022-04-26,2.36
2022-04-27,2.36
2022-04-28,2.36
2022-04-29,2.36
2022-04-30,2.36
2022-05-01,2.39
2022-05-02,2.39
2022-05-03,2.39
2022-05-04,2.39
2022-05-05,2.39
2022-05-06,2.39
2022-05-07,2.39
2022-05-08,2.39
2022-05-09,2.39
2022-05-10,2.39
2022-05-11,2.39
2022-05-12,2.39
2022-05-13,2.39
2022-05-14,2.39
2022-05-15,2.39
2022-05-16,2.39
2022-05-17,2.39
2022-05-18,2.39
2022-05-19,2.39
2022-05-20,2.39
2022-05-21,2.39
2022-05-22,2.39
2022-05-23,2.39
2022-05-24,2.39
2022-05-25,2.39
2022-05-26,2.39
2022-05-27,2.39
2022-05-28,2.39
2022-05-29,2.39
2022-05-30,2.39
2022-05-31,2.39
