,회사명,회계년도,log(age),roa,cashflow,g,lvrg,주식수익률,시장가치대장부가치비율,최대주주지분율,주식수익률변동성,roa변동성,외국인지분율,소액주주지분율,총배당금,dps,시가배당률,dy변화,log시총,price
1,노루페인트,2011,1.791759469228055,1.92,0.05137514074738903,19.61,0.5429218342036554,-0.1013615733736762,0.26536048907492776,68.1,0.0279516681078604,0.3732291521304305,0.98,0.3907415,4000000000.0,200.0,6.73,0.3331143618401382,24.80756006331501,2970
2,노루페인트,2012,1.9459101490553132,0.9,-0.010534444389683553,8.16,0.5778453442922513,0.5336700336700337,0.40948708856419563,65.04,0.1245708178702053,0.5514828495368947,2.69,0.2929032,4000000000.0,200.0,4.39,-0.3605634776784248,25.235223641212325,4555
3,노루페인트,2013,2.0794415416798357,2.23,0.029788524224410463,3.54,0.5639057796735792,0.1218441273326016,0.4435505208839014,65.12,0.0496279159620941,0.5102940328869229,0.53,0.3719619,4000000000.0,200.0,3.91,-0.0932714431144765,25.35019751471601,5110
4,노루페인트,2014,2.1972245773362196,2.86,0.04912996766013744,5.69,0.5566903090661864,0.7710371819960862,0.7509549668196771,55.75,0.048862435668132,0.6958687615731382,2.65,0.39087455,4000000000.0,200.0,2.21,-0.4250030046645048,25.92176286821224,9050
5,노루페인트,2015,2.302585092994046,5.86,0.0504567657721975,0.76,0.5266115194687995,0.2320441988950277,0.8229740794497036,54.59,0.0932751669781928,1.0006164766449392,3.46,0.38927905,4000000000.0,200.0,1.79,-0.1402293413086501,26.13043760840653,11150
6,노루페인트,2016,2.3978952727983707,1.66,0.07791132913411218,3.75,0.5154876950201723,-0.2331838565022421,0.6190662925763702,54.03,0.0486090622483874,1.9396649195157387,3.68,0.4242666,4000000000.0,200.0,2.34,0.1799292111553347,25.86492939344907,8550
7,노루페인트,2017,2.4849066497880004,5.07,0.05632930394141442,15.13,0.4947264192707893,0.0152046783625729,0.5809936683169464,53.69,0.0275975664174935,2.163330765278393,4.4,0.3921244,5000000000.0,250.0,2.88,0.149864346646573,25.880019639172662,8680
8,노루페인트,2018,2.5649493574615367,2.12,0.023020401847080804,11.48,0.4932775806863173,-0.0518433179723502,0.5351550070463106,53.39,0.0568123328420307,2.23204689317526,5.18,0.39548725,5000000000.0,250.0,3.04,0.0404095383378766,25.82678412518938,8230
9,노루페인트,2019,2.6390573296152584,3.06,0.09442897904336224,5.32,0.4861359734626831,-0.0097205346294045,0.5059952097402451,53.21,0.0328149566357875,1.8503242959005852,5.67,0.40176815,5500000000.0,275.0,3.37,0.0785183171344401,25.817016037753174,8150
10,노루페인트,2020,2.70805020110221,2.78,0.059870652012498145,-0.7,0.49920124081426936,0.2159509202453988,0.5940704984299738,53.21,0.0608491478942694,1.5069948020259822,6.5,0.44045105,5500000000.0,275.0,2.77,-0.1476880076475795,26.012542458842297,9910
11,노루페인트,2021,2.772588722239781,2.16,0.035441041263138434,13.69,0.48558332475952326,0.503531786074672,0.8643708279405271,51.91,0.0921586069113482,0.4826316746063507,5.34,0.42972435,5500000000.0,275.0,1.85,-0.2797560071793601,26.420359323451816,14900
13,대동,2011,3.6109179126442243,1.14,0.033070801661036035,19.14,0.5866342905405405,-0.2679282868525896,0.3711872799829733,43.42,0.0522234938136054,2.5260509364091086,1.46,0.3719431427823675,1036000000.0,50.0,1.36,0.1655144384775734,25.191483605271063,3675
14,대동,2012,3.6375861597263857,-0.24,0.038521534457476685,-8.99,0.5844415145453857,0.5401360544217686,0.5829065477430555,28.8,0.076352845789443,0.4195632649950833,1.77,0.33659618656443113,1036000000.0,50.0,0.88,-0.2273898421956608,25.623354364821356,5660
15,대동,2013,3.6635616461296463,-0.17,0.05938845133455514,9.07,0.6089856411800642,0.0600706713780918,0.6301169774410134,29.31,0.0331278205357197,0.6924112458166276,1.85,0.33064462089639296,1036411000.0,50.0,0.83,-0.0269558099885284,25.68168994183432,6000
16,대동,2014,3.6888794541139363,0.78,-0.041708260137763256,-1.84,0.6741248355751687,0.6416666666666666,1.0144353811030526,32.02,0.0516366037970199,0.7773244710758398,1.88,0.3235068300558702,1243693000.0,60.0,0.61,-0.1280817878569578,26.17740192779026,9850
17,대동,2015,3.713572066704308,0.51,0.022408239319467952,-3.28,0.6613001881488046,-0.0690355329949238,0.9333600103807861,32.42,0.0473780210842099,0.5697660338536636,1.82,0.3345724772327959,1036410000.0,50.0,0.55,-0.0379792480652163,26.10586775887464,9170
18,대동,2016,3.7376696182833684,-2.65,0.000521625680439318,0.33,0.6775422052228963,-0.2202835332606325,0.7885581158086526,26.85,0.0373713676061032,0.4895235779136019,1.65,0.3345724772327959,829128000.0,40.0,0.56,0.0064308903302904,25.857042829312174,7150
19,대동,2017,3.7612001156935624,1.41,0.014567021978413032,4.22,0.7003966461637007,0.3426573426573427,1.0406253871666256,27.03,0.0472856575864375,1.9071532013273955,2.76,0.3345724772327959,1243693000.0,60.0,0.62,0.0377403279828469,26.15169357108005,9600
20,대동,2018,3.784189633918261,0.19,0.005109699928951997,7.32,0.7185204932724399,-0.4604166666666667,0.5651028385684861,27.48,0.0728694118588876,2.132260146730068,2.52,0.4541395663642559,1036410000.0,50.0,0.97,0.1956073935056044,25.53473552887765,5180
21,대동,2019,3.8066624897703196,0.38,0.0892409638701686,27.21,0.7297276125522951,0.0965250965250965,0.6103664329837146,27.68,0.057300131671653,2.083170660315664,4.39,0.4786984353223442,1243693000.0,60.0,1.06,0.0446724400515926,25.62688170533932,5680
22,대동,2020,3.828641396489095,2.39,0.07548895843941683,7.54,0.6502728165620213,0.2007042253521127,0.4929238048242608,27.72,0.0817349217042686,0.656429737291052,2.23,0.5101829425818467,1658257000.0,80.0,1.17,0.0520211847508783,25.809789944461635,6820
23,대동,2021,3.8501476017100584,3.15,-0.004658433018149511,31.64,0.6938816791470999,0.4809384164222874,0.6210205128205128,27.72,0.076406312886638,1.219029668766652,4.0,0.5569316438113115,1658257000.0,80.0,0.79,-0.1925115476997044,26.202465896453475,10100
25,삼천리,2011,3.58351893845611,1.34,0.036340194867852935,12.77,0.533044943085176,-0.1756756756756756,0.3248820442883911,31.47,0.0163964680680893,2.653607607264746,34.14,0.27712455533566377,10690000000.0,2999.9,3.28,0.4243335924125471,26.63956166200437,91500
26,삼천리,2012,3.6109179126442243,1.37,0.13728331093327184,15.24,0.5806636423580959,0.360655737704918,0.4338024476275585,32.5,0.0376492221503216,3.698003966105679,25.7,0.328816715063409,10690000000.0,2999.9,2.41,-0.2272407182982798,26.947528405627654,124500
27,삼천리,2013,3.6375861597263857,1.46,-0.04887868222414709,5.87,0.5650007642867021,0.0200803212851405,0.43086951883737856,32.51,0.0301091113834607,1.4405670179944208,25.63,0.41423517734169335,10690215000.0,3000.0,2.36,-0.0147713173203125,26.967409776181487,127000
28,삼천리,2014,3.6635616461296463,0.36,-0.01677329431502096,2.64,0.6398238164718484,0.094488188976378,0.4275959846151512,32.46,0.0391651147545859,0.0624499799840288,25.54,0.4093619644761746,7126810000.0,2000.0,1.44,-0.3199429346700023,27.057696622853587,139000
29,삼천리,2015,3.6888794541139363,1.03,0.05474964230583627,-2.31,0.6192920618705077,-0.262589928057554,0.3080983377191357,32.47,0.0375575168743631,0.6107645481962256,22.32,0.37732196472278223,8908512000.0,2500.0,2.44,0.3434734320801965,26.75308548830136,102500
30,삼천리,2016,3.713572066704308,0.55,0.08939398455897696,-16.48,0.6306430327058103,-0.0097560975609756,0.3019721623049325,32.49,0.0307339459417395,0.5543464620614139,23.09,0.3750588467395392,8908512000.0,2500.0,2.46,0.0057971176843258,26.743281488204737,101500
31,삼천리,2017,3.7376696182833684,0.14,0.02706586470712099,7.57,0.6339835756669349,0.1133004926108374,0.3379636124264283,32.48,0.0267883226553287,0.3453018003621478,23.14,0.3721782233155159,10690215000.0,3000.0,2.65,0.0534585785247672,26.850610508435235,113000
32,삼천리,2018,3.7612001156935624,0.72,0.033794578054338394,4.95,0.630124803684912,-0.1946902654867256,0.26967907726262863,32.48,0.0316044435148444,0.4454585652261507,22.98,0.3933415946880722,10690215000.0,3000.0,3.3,0.1638878551051166,26.634082196239746,91000
33,삼천리,2019,3.784189633918261,0.95,0.08104059953583004,0.1,0.6439617008659735,-0.0714285714285714,0.24598845076994866,32.47,0.0210352964189645,0.2981610303175244,20.25,0.3918530711894501,10690215000.0,3000.0,3.55,0.0565122102633424,26.559974224086023,84500
34,삼천리,2020,3.8066624897703196,0.7,0.025977279498439098,-7.16,0.6396818611640047,-0.0366863905325444,0.23732863223589132,39.18,0.0460360371256187,0.417412665516202,16.72,0.3361271508806974,10272075000.0,3000.0,3.69,0.0303053494953287,26.52259796273139,81400
35,삼천리,2021,3.828641396489095,1.75,0.08029849410290414,17.1,0.6560604525935679,0.1154791154791154,0.25216677282159805,39.19,0.0267059842393838,0.1389244398945231,20.41,0.3679563011325454,10272075000.0,3000.0,3.3,-0.0868175597586711,26.631881975330145,90800
37,NI스틸,2011,3.6109179126442243,4.67,0.018672336809256125,14.82,0.599114921391205,-0.227176220806794,0.898974170824645,57.64,0.0435505729703724,2.257993209319579,0.2,0.3985197093592853,1421000000.0,50.0,2.75,0.1839228381609283,24.66943645910708,1820
38,NI스틸,2012,3.6375861597263857,4.94,0.1594992688516753,-1.81,0.5577600568046006,-0.0604395604395604,0.7727462131433698,57.9,0.0456456015719492,2.209917042183559,0.58,0.39177341140506244,1421000000.0,50.0,2.92,0.0443358138200515,24.607093328532947,1710
39,NI스틸,2013,3.6635616461296463,5.03,0.1672669164631929,15.18,0.5529452374149306,0.0847953216374268,0.7659738496510653,57.9,0.0237072383625401,0.158850034099239,0.23,0.36044366505610015,1421334000.0,50.0,2.7,-0.0577588341521921,24.688484654077776,1855
40,NI스틸,2014,3.6888794541139363,3.28,0.12077694562994314,4.33,0.5711680222729261,0.2560646900269541,0.912987722835406,57.9,0.0671665152743915,0.1873499399519416,1.58,0.3559539660567386,1421334000.0,50.0,2.15,-0.1609303668126371,24.916468225595988,2330
41,NI스틸,2015,3.713572066704308,4.11,0.17255887515003285,-6.34,0.5562380370043255,0.1351931330472102,0.9592805815855121,57.9,0.0449898052873533,0.9854102360607632,1.57,0.42099092935024457,1421342000.0,50.0,1.89,-0.0861459507132009,25.043271023328643,2645
42,NI스틸,2016,3.7376696182833684,5.33,0.12247666973844826,-3.57,0.580947877817073,0.1852551984877126,1.0260676460002869,58.46,0.0302361077224842,0.8753856293085893,1.9,0.3303233738525373,1421342000.0,50.0,1.59,-0.1095986264128943,25.21322913210326,3135
43,NI스틸,2017,3.7612001156935624,4.79,0.09687465085743843,31.73,0.6095810289261131,-0.0653907496012758,0.8488283913435284,58.45,0.0513672399442326,1.031164390385934,1.67,0.36895783387888564,1421342000.0,50.0,1.71,0.0452907591801631,25.145602381047357,2930
44,NI스틸,2018,3.784189633918261,4.12,0.12884559815340968,0.09,0.5641858234013505,-0.2252559726962457,0.6107514237198844,58.11,0.0445066876534815,0.6113373318662367,1.31,0.41893989454658526,1430006000.0,50.0,2.2,0.1662021749140713,24.896456477166254,2270
45,NI스틸,2019,3.8066624897703196,2.55,0.05546812795979511,-1.66,0.5713346863825264,-0.0264317180616739,0.5700163103215042,58.11,0.0399786142292818,0.6061627944152707,2.53,0.41893989454658526,1430006000.0,50.0,2.26,0.0185763855729352,24.8696691612026,2210
46,NI스틸,2020,3.828641396489095,4.44,0.11885590654751962,29.92,0.577417738433272,0.160633484162896,0.6040785581768775,59.16,0.0666097070295753,1.149739100839836,2.42,0.3976585830050975,1430006000.0,50.0,1.95,-0.0999220250268877,25.018635124295677,2565
47,NI스틸,2021,3.8501476017100584,7.02,0.08210035565902474,28.89,0.5840783212190338,0.3157894736842106,0.6804607225437601,58.96,0.0875769916372578,1.0115499658115403,4.08,0.3808374280426895,2145009000.0,75.0,2.22,0.0875761892045885,25.293071969997435,3375
49,LS,2011,3.5553480614894135,1.29,-0.013465785216256956,19.23,0.7202131388063464,-0.2863849765258216,0.8783698902037638,33.45,0.0550202997151056,1.0728932845348609,12.94,0.44189223602484473,34709000000.0,1250.0,1.64,0.3080909440829881,28.525965629783105,76000
50,LS,2012,3.58351893845611,2.13,0.03605410281318768,-3.81,0.7134999306120021,0.2407894736842104,1.0505691450714458,33.43,0.035648225305765,1.5087853834569496,12.54,0.44394832298136644,34709000000.0,1250.0,1.33,-0.1249106495806156,28.741713479136184,94300
51,LS,2013,3.6109179126442243,1.64,0.049798736858935926,-3.67,0.6994913458847983,-0.1420996818663839,0.8662649560712171,33.43,0.0335941374609415,1.0516811937718271,16.78,0.4352023602484472,34709000000.0,1250.0,1.55,0.0902250915927256,28.58844611356122,80900
52,LS,2014,3.6375861597263857,0.85,0.03958822334239578,-4.88,0.7065443075940672,-0.3288009888751545,0.5764578271147436,33.42,0.0325758768335974,0.4219399641339219,20.04,0.44216826086956523,34709000000.0,1250.0,2.3,0.2578291093020997,28.189756516436663,54300
53,LS,2015,3.6635616461296463,-0.73,0.04696629145258752,-8.14,0.7010981159685755,-0.2569060773480662,0.43989517841000275,33.43,0.0538875583808608,0.6458327956987024,10.94,0.46598916149068326,34708839000.0,1250.0,3.1,0.2170645052378275,27.892823684212733,40350
54,LS,2016,3.6888794541139363,2.2,0.08317962244570186,-3.78,0.6648587877739616,0.4696406443618339,0.5865822077088255,33.42,0.0433032260384448,1.2067449330050384,20.74,0.4359747204968944,34708839000.0,1250.0,2.11,-0.2763642475191192,28.27784159550045,59300
55,LS,2017,3.713572066704308,3.71,0.023793804928398922,-1.1,0.6360210043191133,0.2225969645868466,0.6427393443480511,33.42,0.0361581043934569,1.4665037788336364,19.36,0.46600866459627327,34708839000.0,1250.0,1.72,-0.1339908458832368,28.478818851357403,72500
56,LS,2018,3.7376696182833684,4.76,0.004753248238849222,6.25,0.5844189394011611,-0.3227586206896552,0.36265586435328334,33.23,0.0454864790846056,2.257528146742214,17.73,0.4498972360248447,34708839000.0,1250.0,2.55,0.2663157231794184,28.08909132429725,49100
57,LS,2019,3.7612001156935624,0.87,0.028218237562131276,0.65,0.6031662563292609,-0.0264765784114052,0.36034677723332076,32.32,0.0454354475945306,1.2868695867621298,13.78,0.43433049689440995,40262253000.0,1450.0,3.03,0.126818772471267,28.062257928994185,47800
58,LS,2020,3.784189633918261,1.74,0.060143561596844045,2.63,0.6185017795120278,0.493723849372385,0.5168214004720693,35.21,0.0880982042599273,2.012469461466021,11.85,0.45743155279503106,40262253000.0,1450.0,2.03,-0.2852037564373137,28.463530158842318,71400
59,LS,2021,3.8066624897703196,2.9,-0.010547921336300779,25.32,0.6269390696900815,-0.242296918767507,0.36983442562740565,32.23,0.042343513290022,2.041625169646313,13.92,0.46922770186335405,40262253000.0,1450.0,2.68,0.194350132659562,28.18606647534921,54100
61,LF,2011,1.791759469228055,7.99,-0.052076400566195405,0.0,0.2965755410406399,0.2886762360446571,1.431985026717224,38.66,0.0655863051470813,7.416441195074629,21.21,0.5258371751025992,11696000000.0,400.0,0.99,-0.1360408042299483,27.79763325679509,40400
62,LF,2012,1.9459101490553132,4.77,0.14856795192291775,1.89,0.275939936758108,-0.2252475247524752,1.0463057386007673,38.62,0.0517278782245113,1.2208740038731656,12.22,0.4601873119015048,11696000000.0,400.0,1.28,0.1360408042299483,27.542421569374092,31300
63,LF,2013,2.0794415416798357,5.19,0.1332801684758203,1.33,0.29160563031325976,0.0766773162939298,1.0769879818306614,39.65,0.0345623290462234,2.570162121994114,27.81,0.4134908002735978,11696000000.0,400.0,1.19,-0.0402738991379399,27.616301309186305,33700
64,LF,2014,2.1972245773362196,6.02,0.07309350877067934,-1.74,0.299367057029017,-0.1127596439169139,0.8894292053719214,39.69,0.0311616954695515,1.7504666044610178,38.01,0.3735888166894665,14620000000.0,500.0,1.67,0.1981769285837488,27.49666195222463,29900
65,LF,2015,2.302585092994046,3.52,0.03502185374783876,7.59,0.31006339627758756,-0.0969899665551839,0.7758559691811785,39.62,0.0355322463537452,0.6361079572944222,30.87,0.3905578317373461,14620000000.0,500.0,1.85,0.065240521868401,27.39464033783232,27000
66,LF,2016,2.3978952727983707,3.35,0.08936590055276572,-2.66,0.33453837104873696,-0.2018518518518518,0.5988671247588363,40.13,0.0300342900769909,1.2733027919548232,25.89,0.41330865253077975,14620000000.0,500.0,2.32,0.1526457886478378,27.169179288377745,21550
67,LF,2017,2.4849066497880004,4.41,0.07490390825354426,4.76,0.30818770652671446,0.4524361948955917,0.8295073052242323,39.89,0.0359071763751632,1.4948690020644886,37.57,0.4833296511627907,14620000000.0,500.0,1.6,-0.2444533379009607,27.542421569374092,31300
68,LF,2018,2.5649493574615367,5.01,0.07548430840759396,6.53,0.28356983727237506,-0.206070287539936,0.6139898430832411,39.97,0.0384911076399588,0.5692978130995644,37.98,0.5106664842681259,14620000000.0,500.0,2.01,0.1464286337333479,27.311661224370628,24850
69,LF,2019,2.6390573296152584,3.41,0.0633362707012035,8.5,0.4243007202756989,-0.255533199195171,0.3887347830461216,39.95,0.0405274348795648,0.8405553719614673,30.47,0.48123047195622437,14620000000.0,500.0,2.7,0.2063927408893946,27.016574203912267,18500
70,LF,2020,2.70805020110221,1.17,0.12325968767140967,-13.03,0.429540541412577,-0.2054054054054054,0.30388993368306444,44.81,0.0556070721557352,0.8082903768654437,22.96,0.41710721614227086,14230000000.0,500.0,3.4,0.1732717212740366,26.78665096561268,14700
71,LF,2021,2.772588722239781,5.42,0.12232344538278096,11.34,0.4103551949125196,0.1734693877551021,0.33662580003603915,47.74,0.0350264429451572,1.9288684074693327,23.97,0.45528464432284543,17076000000.0,600.0,3.48,0.0180185055026782,26.94661561530536,17250
73,유니드,2011,2.0794415416798357,8.3,-0.03656544395488887,18.73,0.506605884222531,-0.072594259988745,0.7083715434215595,55.6,0.0404961389449657,4.118887390222429,5.8,0.2707695242069597,4939000000.0,750.0,1.47,-0.1943941380282239,26.541855147656324,51100
74,유니드,2012,2.1972245773362196,0.5,0.11709508683615591,-5.03,0.44034862563783833,-0.2524535669058674,0.5331350330944766,55.66,0.0420800297034725,3.614281855823275,6.04,0.3022012373750374,4880000000.0,749.9,1.96,0.1809711176960831,26.250906166059195,38200
75,유니드,2013,2.302585092994046,4.17,0.05961522297852631,5.17,0.43885061959922445,0.5497794247397212,0.7886437812555633,55.66,0.04767958708596,6.4923057023936686,5.44,0.2467618790327026,6585069000.0,1000.0,1.69,-0.0956480747222212,26.688992192336627,59200
76,유니드,2014,2.3978952727983707,5.34,0.0752718037589536,-1.87,0.3631245880977694,-0.0287158700157128,0.7150020063561362,54.3,0.0291593769840654,3.902260028923413,5.15,0.34079627715366384,7243576000.0,1100.0,1.91,0.0786118875696535,26.659855598249973,57500
77,유니드,2015,2.4849066497880004,7.59,-0.00342396774722466,5.84,0.41436810987548345,0.0714620650848729,0.6690939628253523,47.27,0.0345199187102009,2.5253184617654383,7.18,0.306621837978466,9778827000.0,1100.1,2.41,0.1585592101120241,26.730273523923977,45700
78,유니드,2016,2.5649493574615367,4.65,0.17474158849041824,4.61,0.3964949655132884,-0.0218818380743982,0.6290162472971561,46.79,0.0431343377119267,1.738188712424522,7.75,0.3136253362404713,9777886000.0,1100.0,2.46,0.0145562977742075,26.70814872764334,44700
79,유니드,2017,2.6390573296152584,3.8,-0.01706073305484436,2.9,0.41653056641063646,0.041387024608501,0.6371523858830123,46.71,0.0255775314448971,1.5374329253661818,7.21,0.3255960763311568,9777886000.0,1100.0,2.36,-0.02932761509452,26.748702229746893,46550
80,유니드,2018,2.70805020110221,3.23,0.04942238141492634,6.77,0.41050941665317575,-0.0977443609022556,0.5696643653679204,45.96,0.0460057495855922,1.9887265607250664,5.77,0.38117456067559347,9778827000.0,1100.0,2.62,0.0745330518625668,26.645844844307184,42000
81,유니드,2019,2.772588722239781,6.17,0.06734621895585763,7.51,0.34142935454199147,0.1130952380952381,0.586335896200528,45.63,0.0217137654092927,0.7145861273026191,6.0,0.3887034900391379,10667812000.0,1200.0,2.57,-0.013908430046132,26.75298948175851,46750
82,유니드,2020,2.833213344056216,6.99,0.1408792012776702,1.75,0.3022841031772232,0.0331550802139037,0.5490799425318224,46.58,0.0493949568629983,1.55913437522236,11.53,0.4202771634999628,12224580000.0,1400.0,2.9,0.088410957344053,26.785606786682344,48300
83,유니드,2021,2.8903717578961645,13.54,0.09035252391093039,0.0,0.2631278242351841,1.0807453416149069,0.8996448678922677,45.44,0.0779069972424581,1.9771022566709464,14.52,0.4855053120735653,14844133000.0,1700.0,1.69,-0.3714353595218529,27.518332953522947,100500
85,유한양행,2011,3.912023005428146,7.24,0.055079167015455795,2.36,0.15017693121371006,-0.2651197604790419,1.274674877811988,15.63,0.0487310593444047,0.8072174428244224,35.01,0.4278102955145847,12914286000.0,1250.0,0.98,0.2256719976675684,27.9830500141924,127500
86,유한양행,2012,3.9318256327243257,5.95,0.051586042848590245,14.31,0.15313952162385608,0.3568445711957628,1.6253807671670046,15.62,0.0394065990916019,2.1752241263833008,25.97,0.5043648329269388,12899430000.0,1250.0,0.72,-0.1407725538810821,28.2882252440917,173000
87,유한양행,2013,3.9512437185814275,5.93,0.05269454414552468,21.53,0.18872434724598242,0.0808842848027624,1.699599615037152,15.56,0.0379547602271746,2.5008198655640888,24.6,0.4788624050508288,15273018000.0,1500.0,0.8,0.0454623740767573,28.366042266448503,187000
88,유한양행,2014,3.970291913552122,5.81,0.05840804779791704,7.83,0.2104661596440528,-0.0935481630668796,1.4830058846342073,15.56,0.0286165560948244,0.7506219643291263,24.83,0.48002151257659015,17624731000.0,1750.0,1.03,0.1202491281515769,28.267786576414423,169500
89,유한양행,2015,3.9889840465642745,7.21,0.06713449234974712,10.93,0.2746267942329272,0.6076463377260191,2.2300851810150504,15.52,0.0556029873201438,0.0757187779438755,32.18,0.5071811405216351,20074690000.0,2000.0,0.73,-0.1599143845440084,28.74257226369722,272500
90,유한양행,2016,4.007333185232471,8.21,0.036239619441430344,17.02,0.2685264475009042,-0.2356669684983081,1.4878821466320828,15.52,0.0516757260088467,0.7759725081040669,29.0,0.49697082621313554,20074690000.0,2000.0,1.0,0.1450257720502576,28.43074788592384,199500
91,유한양행,2017,4.02535169073515,5.3,0.06021234848448682,10.71,0.23313839411458606,0.1455605437086917,1.5916572511792217,15.52,0.0373691150443475,1.2055427546683366,23.79,0.5416719813034506,21279010000.0,2000.0,0.91,-0.0460439385014068,28.56900728025949,219000
92,유한양행,2018,4.04305126783455,2.73,0.04298978889599367,3.87,0.24016680390650516,-0.0241665532725541,1.5127073932149995,15.57,0.0589018316110656,1.4785240388080676,21.87,0.49704030205037875,22251156000.0,2000.0,0.98,0.0359936026479054,28.54603619169933,204500
93,유한양행,2019,4.060443010546419,1.71,0.031166357925562063,-2.53,0.22067305875684867,0.2080486376439747,1.8327092995837857,15.6,0.0306149991798558,2.741757343991863,20.36,0.43238978439186,23310570000.0,2000.0,0.85,-0.0679112056162104,28.73686972499494,236500
94,유한양행,2020,4.07753744390572,8.44,0.012045125589090544,9.42,0.22854206357164344,0.6592330955514001,2.7209096463784426,15.66,0.049472238271719,1.849927926523978,20.3,0.5254849730341606,24469858000.0,400.0,0.53,-0.1899179036858893,29.24463956393396,75100
95,유한양행,2021,4.0943445622221,4.02,0.040181859802501003,0.0,0.21427098680498902,-0.1359759575918634,2.2459814985825313,15.74,0.032896429824857,3.62715223465094,16.89,0.4495985799314275,25608803000.0,400.0,0.64,0.0694285064317629,29.100120693302134,62100
97,한섬,2011,2.772588722239781,11.64,0.07226397978480435,11.96,0.11343217786753355,0.6229508196721312,1.0388420245398773,34.64,0.0518585201317533,1.0848655830716214,26.72,0.3396882257409663,10326000000.0,470.0,1.58,-0.177140198051957,27.31837809488751,29700
98,한섬,2012,2.833213344056216,7.69,0.07624518547935767,-2.45,0.13088331732975647,-0.0084175084175084,0.955162805519599,34.64,0.0545280918604529,1.3200505040843415,21.86,0.36062200568412506,6591000000.0,300.0,1.02,-0.2446918875204127,27.309924959176453,29450
99,한섬,2013,2.8903717578961645,4.35,0.03168966669659514,-5.15,0.20658127076287672,0.0713073005093378,0.9770626629063307,34.64,0.0383783615301676,2.1742814905158885,18.86,0.35924198132358914,6590878000.0,300.0,0.95,-0.0352681388374579,27.37880463806608,31550
100,한섬,2014,2.9444389791664403,3.55,0.006709917576127604,11.49,0.2132851255437686,0.0316957210776545,0.9721590316564525,34.64,0.0373823353876315,3.649251064716341,14.67,0.3146411693057247,6590878000.0,300.0,0.92,-0.0155041865359651,27.41000841773344,32550
101,한섬,2015,2.995732273553991,7.27,0.0478346936878506,17.5,0.13170425005039318,0.2473118279569892,1.2028103078299863,34.64,0.0412544673222011,2.196026715077339,17.02,0.26530174583840843,6590878000.0,300.0,0.74,-0.0984400728132526,27.630999115686546,40600
102,한섬,2016,3.044522437723423,5.66,0.017341892256411244,15.44,0.15190458758020076,-0.1416256157635468,0.9750228319838609,34.64,0.0288397686949837,1.9580943116544125,21.15,0.22261071863581,6590878000.0,300.0,0.86,0.0666913744986722,27.47828418628539,34850
103,한섬,2017,3.091042453358316,4.7,0.05810525286080478,72.57,0.26096368993907065,-0.097560975609756,0.836994716198256,34.64,0.0420640777595597,1.8655919525269624,16.68,0.3642324401136825,7689358000.0,350.0,1.11,0.1261114597628653,27.375630032225303,31450
104,한섬,2018,3.1354942159291497,6.02,0.1669891291872305,5.74,0.18483906934037286,0.1526232114467409,0.8979404958378465,34.64,0.0434822126876235,1.298627480586085,26.36,0.313926431181486,8787838000.0,400.0,1.1,-0.0047506027585978,27.517670430379543,36250
105,한섬,2019,3.1780538303479458,6.7,0.10305370040192197,-3.03,0.21009488984920371,-0.1296551724137931,0.743222705752953,34.64,0.0456926019600806,0.682348884369303,30.75,0.32266479902557854,9886317000.0,450.0,1.43,0.1459539126230797,27.37880463806608,31550
106,한섬,2020,3.2188758248682006,6.15,0.10384765109068918,-5.07,0.217242481960877,-0.0412044374009509,0.6616675399412094,34.64,0.07816820128567,1.01692346483566,27.89,0.31567844092570035,9886317000.0,450.0,1.49,0.0243914531241591,27.33672723355571,30250
107,한섬,2021,3.258096538021482,7.16,0.11052932411950574,0.0,0.20337105351041693,0.1768595041322314,0.7068799277664017,34.64,0.0464531991086713,0.3609709129556398,28.46,0.42934632561916364,13181756000.0,600.0,1.69,0.0772584831371314,27.49957668693684,35600
109,한화,2011,3.58351893845611,0.63,0.04398490987844069,-15.8,0.663413108711418,-0.2901450615245768,0.4914297894963132,36.14,0.0632703992887434,0.9529428104561154,19.02,0.4662392181511601,31085431000.0,450.0,1.36,0.0344861760711693,28.54124631569903,33150
110,한화,2012,3.6109179126442243,2.06,0.050085721128997694,-5.6,0.6621326912652691,0.0316608781939964,0.4784641603638544,36.04,0.0366771442627159,0.9787236586493656,23.84,0.4330518517955246,31085353000.0,450.0,1.32,-0.0170944333593,28.57242924313572,34200
111,한화,2013,3.6375861597263857,0.35,0.056674070796460176,236.65,0.911504424778761,0.1462021701884637,0.2727390518704191,36.04,0.0277822477355427,0.9976138197385466,29.74,0.49194788305859216,27631494000.0,400.0,1.02,-0.1384696742651052,28.708880345863577,39200
112,한화,2014,3.6635616461296463,-0.14,0.03692758064516129,-3.27,0.9032258064516129,-0.2028164581858232,0.19338714302996707,36.04,0.0465793305795181,0.9171877306927592,23.92,0.41957088790252395,34539368000.0,500.0,1.6,0.2524139336143229,28.48222297524957,31250
113,한화,2015,3.6888794541139363,0.09,0.06589486301369862,10.46,0.9041095890410958,0.2608309483864601,0.216470604242285,36.04,0.0483118501124403,1.1550036074979737,25.98,0.46213953583928546,34539368000.0,500.0,1.27,-0.135731613534125,28.713969415371047,39400
114,한화,2016,3.713572066704308,0.86,0.039337354838709676,13.88,0.9096774193548387,-0.0855249426007096,0.18616005489280063,36.05,0.0413508469671503,0.2451530134426248,24.51,0.6848427471461465,41447241000.0,600.0,1.71,0.1771688033982982,28.59697921254776,35050
115,한화,2017,3.7376696182833684,0.83,0.0321155625,6.97,0.9,0.1840228245363766,0.1962648891693245,36.05,0.0315215344289904,0.5237365750069397,25.65,0.7036152624507337,41447241000.0,600.0,1.45,-0.1008606103349739,28.76589702630381,41500
116,한화,2018,3.7612001156935624,0.48,0.016171764705882354,-3.3,0.9,-0.244578313253012,0.139560653845496,36.06,0.0427359690930281,0.4361574639202374,21.14,0.5018871783255147,48355114000.0,700.0,2.23,0.2763941126779294,28.48541786614609,31350
117,한화,2019,3.784189633918261,0.13,0.013834725274725275,3.43,0.9010989010989011,-0.2025518341307814,0.10325324707739893,38.09,0.0360378116823074,0.2112660250332109,17.9,0.48128406916151933,48355114000.0,700.0,2.8,0.1625189294977749,28.25907942393536,25000
118,한화,2020,3.8066624897703196,0.4,0.018025811518324608,1.02,0.9057591623036649,0.1319999999999999,0.11533715695967323,38.14,0.0784386159557718,0.3499999999999998,16.63,0.4084517835046176,48229106000.0,700.0,2.47,-0.090846472773572,28.38306540371635,28300
119,한화,2021,3.828641396489095,1.1,0.035782772277227724,3.75,0.8960396039603961,0.1095406360424027,0.11244234236411972,43.62,0.0414110963097337,0.1833939293797185,14.72,0.4378447688584926,51515893000.0,750.0,2.39,-0.0233246725664089,28.487011491981367,31400
121,현대백화점,2011,2.302585092994046,9.14,0.07349970127498379,13.26,0.38721329813604066,0.1684587813620071,1.3188393968309944,36.2,0.0550850805569642,0.2315887159024238,43.71,0.474068752058813,14973000000.0,650.0,0.4,-0.0212022076506029,28.969856370915583,163000
122,현대백화점,2012,2.3978952727983707,7.2,0.07995825987763144,5.62,0.40064962000562954,-0.0245398773006134,1.1496808687672637,36.16,0.0465113650632988,0.1637070554374497,36.97,0.4556862252104385,14973000000.0,650.0,0.41,0.0071174677688639,28.94501037232905,159000
123,현대백화점,2013,2.4849066497880004,6.14,0.06183983816337572,0.91,0.3668463462668126,0.0125786163522012,1.0625174137785172,36.15,0.0321658120155077,1.06226173799116,41.64,0.4645811520259788,14972871000.0,650.0,0.4,-0.0071174677688639,28.957510535093284,161000
124,현대백화점,2014,2.5649493574615367,5.16,0.0701128798434883,1.18,0.3333878731579614,-0.2360248447204969,0.7597052082756,36.08,0.0395268084150815,1.5213590415590046,34.04,0.5065834371722163,16124630000.0,700.0,0.57,0.1146033827390036,28.68829052548124,123000
125,현대백화점,2015,2.6390573296152584,4.73,0.06511049611660728,6.77,0.3457266448623161,0.0284552845528456,0.7344323786617314,36.08,0.0448584061540521,1.0202614044122869,33.76,0.49250717051268283,15953830000.0,700.0,0.55,-0.0128206884290613,28.7163484782764,126500
126,현대백화점,2016,2.70805020110221,5.04,0.06710179953425248,10.55,0.34561714582390857,-0.1383399209486165,0.5917672682857799,36.08,0.0285150452278932,0.7226571340084674,34.45,0.4502837118572375,15904830000.0,700.0,0.64,0.0564413109049517,28.567454052337965,109000
127,현대백화점,2017,2.772588722239781,4.52,0.06451467255300061,0.89,0.3186455333112989,-0.0412844036697247,0.5296011426610044,36.08,0.0358543252460625,0.2218858565419,25.42,0.49959955032041314,18045749000.0,800.0,0.77,0.0762833047496307,28.525293241513687,104500
128,현대백화점,2018,2.833213344056216,4.18,0.062291087148139246,0.76,0.30900070973133237,-0.1349282296650717,0.43809095842073764,36.08,0.0423371000755162,0.2615976554431109,30.26,0.508887171214319,20301467000.0,900.0,1.0,0.1221676339742074,28.380350437506955,90400
129,현대백화점,2019,2.8903717578961645,3.33,0.04951863352000304,18.08,0.34681605490686845,-0.0807522123893805,0.3905662950139478,36.08,0.0332494672326248,0.4331281565541532,29.13,0.508263432861555,22323186000.0,1000.0,1.2,0.0953101798043248,28.296150871970227,83100
130,현대백화점,2020,2.9444389791664403,1.29,0.029788343442023284,3.37,0.42204287799628576,-0.1407942238267148,0.3320425268416566,36.08,0.0549392827257867,0.612943716828876,13.65,0.5089712650060735,22089186000.0,1000.0,1.4,0.0870113769896296,28.14440403945436,71400
131,현대백화점,2021,2.995732273553991,2.64,0.05576461668822191,57.16,0.4173805913570887,0.0518207282913165,0.33632754693692435,36.08,0.035770644296322,1.4852721411691958,17.98,0.4775751811531113,24040705000.0,1100.0,1.46,0.0246926125903715,28.19492672887891,75100
133,고려산업,2011,3.044522437723423,3.5,0.03563093503290791,0.0,0.5511007894694702,0.0118343195266272,0.3038182007101482,53.4,0.0728253173693127,7.589868246550792,0.03,0.27224083955423994,724000000.0,150.0,4.39,0.3083013596545165,23.558455302188374,3415
134,고려산업,2012,3.091042453358316,5.69,-0.0570126213592233,8.05,0.5814201658576051,0.6067251461988303,0.4410706957524054,53.4,0.0560524118914561,2.4076336930687776,0.29,0.2761344738300903,724000000.0,150.0,2.73,-0.3681371512651816,24.033206064687064,5490
135,고려산업,2013,3.1354942159291497,3.2,0.030221380528110638,5.9,0.5515713313294424,0.046405823475887,0.4310469979358984,53.4,0.0412457528165648,1.1584616235911034,0.15,0.3048031380033822,603486000.0,25.0,2.17,-0.1626766457665349,24.079477663974885,1150
136,고려산업,2014,3.1780538303479458,5.94,0.10856236180807906,-8.55,0.512168842488448,0.6869565217391305,0.6356262919528103,53.4,0.0872477331747361,1.359301291105104,2.08,0.37633365644957734,1086274000.0,45.0,2.32,0.0462331950392078,24.60240369467496,1940
137,고려산업,2015,3.2188758248682006,3.42,0.05970770009815015,0.18,0.5039874030220244,0.0592783505154639,0.645944217464393,53.4,0.0675179853961989,1.5149367423537308,1.18,0.37541009866907515,724183000.0,30.0,1.46,-0.2998034329841256,24.659991569547923,2055
138,고려산업,2016,3.258096538021482,4.18,0.09399911822883153,-7.09,0.49345507137580136,2.2457420924574207,1.9565444724525323,51.2,0.1728136626134922,1.522410369556558,0.93,0.4425049093954652,724183000.0,30.0,0.45,-0.5285977935117884,25.837335581527256,6670
139,고려산업,2017,3.295836866004329,2.89,0.005480297503331076,1.3,0.5153117450470719,-0.5967016491754122,0.7558413475770638,47.4,0.1023290969587707,1.2926458653990796,1.4,0.4638925717012321,863500000.0,35.0,1.3,0.4613455665026209,24.92925691521347,2690
140,고려산업,2018,3.332204510175204,1.87,-0.02677909682009896,-9.22,0.5675091165277147,-0.1933085501858735,0.5857646110346415,47.4,0.0631804713432946,0.648408307575819,2.13,0.45517408681234633,740143000.0,30.0,1.38,0.0341913647482793,24.71444288915209,2170
141,고려산업,2019,3.367295829986474,2.25,0.050595593006925274,21.48,0.5359436292314398,0.5483870967741935,0.8744922291568019,47.4,0.1020066952913597,1.157626882894487,6.18,0.4358669055120557,740143000.0,30.0,0.89,-0.2305236586118323,25.15165669557484,3360
142,고려산업,2020,3.4011973816621555,3.2,-0.014291817690705847,-1.01,0.5260854107315182,0.4583333333333332,1.1906115852648604,47.4,0.1219505911467185,0.5154932912592972,1.04,0.4741264082872801,863500000.0,35.0,0.71,-0.1000834585569825,25.528950926716306,4900
143,고려산업,2021,3.4339872044851463,1.99,0.06200481988306544,12.06,0.5522077160041073,-0.4061224489795918,0.6792685088121602,47.4,0.0598231376803526,0.6850547423381644,1.75,0.4903210879962148,986857000.0,40.0,1.37,0.3263965846324713,25.00786880278313,2910
145,금강철강,2011,2.302585092994046,7.7,0.05594106093497778,14.4,0.34042603592642956,0.1255319148936169,0.5969495634258368,53.23,0.0807015923990534,1.345523442134448,0.95,0.22055790598290598,1735000000.0,100.0,3.78,-0.0956904802462541,24.62552937330612,2645
146,금강철강,2012,2.3978952727983707,6.66,0.07598099742113423,-11.49,0.29335634315276077,-0.1058601134215501,0.4881320034505123,53.23,0.0345630162427863,0.9021640649017232,0.07,0.3158107905982906,1759000000.0,100.0,4.23,0.0899707315734672,24.513636329939757,2365
147,금강철강,2013,2.4849066497880004,5.94,0.09429871091900478,-3.77,0.2670799260763979,0.0782241014799154,0.4973887766498184,53.23,0.018658818766097,0.8478993650978479,0.24,0.29380886752136753,1751281000.0,100.0,3.92,-0.0611027475726149,24.588951667166192,2550
148,금강철강,2014,2.5649493574615367,4.53,0.1330323660539695,-18.72,0.21852127493156043,0.0980392156862746,0.5246219873682963,53.23,0.0283640547051793,0.8848352012286428,0.12,0.33816004273504274,1751281000.0,100.0,3.57,-0.0737953255981034,24.682477725177016,2800
149,금강철강,2015,2.6390573296152584,5.21,0.04083463468623497,-20.48,0.20627160877541428,0.5357142857142858,0.7687958435207825,53.23,0.0707878897880552,1.0834666584625476,1.2,0.32878285256410256,1749781000.0,100.0,2.33,-0.3165409009137607,25.11147333069537,4300
150,금강철강,2016,2.70805020110221,4.23,0.06058744457790234,2.01,0.1924406779661017,0.2441860465116279,0.9195089929213452,53.23,0.0601986887217104,0.705147738657178,1.06,0.35255299145299146,1760068000.0,100.0,1.87,-0.1486602742208227,25.329954868903773,5350
151,금강철강,2017,2.772588722239781,2.25,-0.05632675560068932,21.2,0.1732220580994584,-0.3130841121495327,0.6401533479733502,53.31,0.0367715981432953,0.5021288015373452,1.92,0.3077207799145299,1720051000.0,100.0,2.72,0.2594116385135254,24.954411440660657,3675
152,금강철강,2018,2.833213344056216,3.99,0.11417306726437229,-1.1,0.18255399215886176,0.036734693877551,0.6540592588516878,53.31,0.0465565554974326,1.507890358525224,1.91,0.30418915598290597,1671130000.0,100.0,2.62,-0.0272496424473756,24.990487497134467,3810
153,금강철강,2019,2.8903717578961645,3.25,0.036236148018008126,-12.16,0.19422553347242047,-0.0669291338582677,0.6045951323212777,53.31,0.0282193474967307,1.0805554127392056,2.18,0.28257371794871794,1656884000.0,100.0,2.81,0.0511551633009299,24.92121337125106,3555
154,금강철강,2020,2.9444389791664403,2.07,0.02238139514768845,2.24,0.20115564589369891,-0.0168776371308017,0.5903311377785798,53.31,0.0379442008194993,0.8732315462311974,1.97,0.27518114316239317,1620300000.0,100.0,2.86,0.0130379943381297,24.90419168368163,3495
155,금강철강,2021,2.995732273553991,7.04,0.0903143421331637,34.84,0.2074886158821035,0.4592274678111587,0.7982608695652174,52.23,0.1172571493993073,0.9683663218706688,1.37,0.1989329594017094,1944360000.0,120.0,2.35,-0.1417068376397643,25.282098847726136,5100
157,대상홀딩스,2011,1.9459101490553132,4.82,0.023940276157777704,140.74,0.28053914372717675,0.219325153374233,0.34751949159332157,66.25,0.0402138469173061,0.6199193495931545,3.62,0.26338040708441923,5431880000.0,150.0,3.77,-0.1604202928408538,25.692695997509038,3975
158,대상홀딩스,2012,2.0794415416798357,6.44,0.04418244965608685,16.47,0.2703422557387917,0.6100628930817611,0.5275364933388641,67.77,0.0412280670903124,2.1300704213710877,3.61,0.24047350671748,4345504000.0,120.0,1.88,-0.5045560107523952,26.16896923976836,6400
159,대상홀딩스,2013,2.1972245773362196,6.29,0.09512125084351535,761.39,0.5710874049400088,0.3,0.33652500172016403,68.21,0.0364563046852783,2.3116228066014584,3.78,0.27570688362135787,4345505000.0,120.0,1.44,-0.165792254842744,26.43133350423585,8320
160,대상홀딩스,2014,2.302585092994046,4.36,0.08404308019742032,4.12,0.555547401060492,1.0192307692307692,0.6284531621096376,66.55,0.0647299707170876,0.8951536181013872,5.64,0.2462009981183865,6156131000.0,170.0,1.01,-0.1938633172341261,27.13405013581195,16800
161,대상홀딩스,2015,2.3978952727983707,2.27,0.046949520849207595,3.13,0.5976302495938204,0.1398809523809523,0.695466426559042,66.53,0.0528652693462162,1.1600143677271144,4.56,0.22475025086615028,6156131000.0,170.0,0.89,-0.0615578929994333,27.26497396502939,19150
162,대상홀딩스,2016,2.4849066497880004,2.6,0.02907838797600854,8.73,0.6094768507673028,-0.4621409921671018,0.3554591345906936,66.53,0.0600871997694628,2.0105306098971325,4.97,0.2586342332592098,6156131000.0,170.0,1.65,0.3379828109265798,26.64481514463833,10300
163,대상홀딩스,2017,2.5649493574615367,2.22,0.06990766236411507,1.98,0.5951666075725914,-0.0339805825242718,0.3360058964634042,66.53,0.0333089661510847,1.1235805860432688,5.29,0.28131466510300934,6518257000.0,180.0,1.81,0.0586248433475237,26.61024380057324,9950
164,대상홀딩스,2018,2.6390573296152584,1.73,0.05425864868667739,0.42,0.5836689369825714,-0.2100502512562814,0.26020592457698755,66.9,0.029025183602592,0.2064784088793176,5.39,0.2612726288336929,6880382000.0,190.0,2.42,0.1964560677288593,26.37445785584385,7860
165,대상홀딩스,2019,2.70805020110221,5.0,0.06838518109311881,4.55,0.5824672858474605,-0.1424936386768448,0.2019821493241784,67.3,0.0311353624589714,0.4361574639202392,4.95,0.2599486675029516,7242508000.0,200.0,2.97,0.1491255436245853,26.220731174326957,6740
166,대상홀딩스,2020,2.772588722239781,5.53,0.04713871170134895,5.68,0.5666958590400502,0.513353115727003,0.27875422296346936,67.3,0.0846321357399733,1.7635853632113572,5.82,0.3042642854803494,7966758000.0,220.0,2.16,-0.2281940671002784,26.635058969692963,10200
167,대상홀딩스,2021,2.833213344056216,4.27,0.006414602781508457,12.03,0.5887774434721698,-0.0490196078431373,0.23571021878702067,67.3,0.04470261526434,2.058065434657833,4.0,0.3112881510818159,8691009000.0,240.0,2.47,0.0935825663599472,26.58479713491208,9700
169,대정화금,2011,0.6931471805599453,10.12,0.08568592812470088,25.46,0.2275116818543914,0.06640625,1.4489521562605168,52.73,0.0702122267206472,2.6852250060904272,0.38,0.3803658053666598,2317000000.0,400.0,2.93,-0.130983620545724,25.093660138857175,13650
170,대정화금,2012,1.0986122886681098,5.26,0.09315059424846624,-1.53,0.17822698069488987,-0.3164835164835164,0.9645452844751845,52.73,0.0490194470808388,1.8785721528153605,0.94,0.45043971837861596,1585000000.0,273.6,2.93,0.0,24.713155632085464,9330
171,대정화금,2013,1.3862943611198906,12.43,0.06785743375686283,4.24,0.2638862584570658,0.0986066452304395,0.9018954509674977,52.73,0.054178437667943,2.6637567456507725,0.75,0.4689015723388778,1448257000.0,250.0,2.44,-0.1331679544958628,24.807198322810628,10250
172,대정화금,2014,1.6094379124341003,6.93,0.06005078546236895,5.03,0.2792693998866672,-0.0643902439024389,0.7813567009515865,52.73,0.0238375465415186,3.6597950762303615,0.52,0.4796501862757046,1448257000.0,250.0,2.61,0.0482363009594826,24.74064150612156,9590
173,대정화금,2015,1.791759469228055,7.7,0.11658539724988524,-4.44,0.20232722972838127,0.3555787278415014,0.9836846368651032,50.91,0.0649643005554949,3.751617428967581,0.54,0.45937368309067345,1512182000.0,250.0,1.92,-0.2121241560645992,25.08806303108759,13000
174,대정화금,2016,1.9459101490553132,7.08,0.06623663713975084,5.28,0.2324887536314542,-0.0269230769230769,0.8884301068774161,50.92,0.0348735867295315,2.978137001549794,1.05,0.4773303539736543,1512182000.0,250.0,1.98,0.0203396842371226,25.06077088879958,12650
175,대정화금,2017,2.0794415416798357,6.53,0.07910775301516042,9.11,0.12509670781893004,-0.0276679841897232,0.7766781168196604,50.49,0.0251701854153494,0.4082074635933666,1.22,0.44362057203739286,1674580000.0,270.0,2.2,0.0712275092883678,25.057760621753754,12300
176,대정화금,2018,2.1972245773362196,8.33,0.06934755813230539,11.03,0.1101770082069137,0.0447154471544715,0.7968839466007546,52.02,0.0486118694861024,0.5853488988059425,1.87,0.42630314302409544,2130117000.0,300.0,2.33,0.0398214941866716,25.236759501241124,12850
177,대정화금,2019,2.302585092994046,4.33,0.07114740264460406,7.82,0.19870492377434298,0.1634241245136187,0.8754131310923815,52.02,0.053579034444198,0.922406273468112,3.9,0.42302895713771255,2130117000.0,300.0,2.01,-0.1010322252315683,25.38812698973659,14950
178,대정화금,2020,2.3978952727983707,5.71,0.05581424685100991,0.73,0.20518149859630816,1.5351170568561874,2.1132564832107774,51.76,0.1366941601878009,2.003330560175561,0.62,0.447441492694654,2135457000.0,300.0,0.79,-0.5197244589081206,26.32328399874242,37900
179,대정화금,2021,2.4849066497880004,5.21,0.058077553675193745,10.9,0.1712434420847881,-0.4274406332453826,1.155249659048,51.37,0.0695275006881942,2.0317808280750485,0.76,0.46352500163064847,2151957000.0,300.0,1.38,0.2848848678307196,25.773323648832022,21700
181,대한제당,2011,3.784189633918261,1.21,0.0016401897445216596,6.76,0.7410501118540196,-0.2096273291925465,0.4368893588655123,49.54,0.0614327505753587,0.5750072463311513,4.43,0.33261288208909107,2496154000.0,375.0,1.57,-0.0306537410910023,25.915299172638814,23950
182,대한제당,2012,3.8066624897703196,1.81,-0.01687175823090972,5.48,0.7320943778073943,0.0834970530451866,0.4504468479574017,49.17,0.0389511144245108,0.4562163229580165,3.63,0.3204929735028074,4210229000.0,632.5,2.44,0.2915655724781786,25.99550245839379,25950
183,대한제당,2013,3.828641396489095,0.65,0.06733097672048662,-8.2,0.7172128276169549,0.0924750679963735,0.481213619576092,48.85,0.0527196089179112,0.5900282479113464,4.19,0.2034970008203795,3328205000.0,500.0,1.76,-0.2202407916562485,26.08395787895565,28350
184,대한제당,2014,3.8501476017100584,0.42,-0.007902345436262673,-3.15,0.7133853829747715,0.0352697095435685,0.4950096075041391,49.4,0.041609863680232,0.5801149311415225,4.77,0.2412691761834443,4393231000.0,550.0,2.2,0.1479201300766224,26.119426762037808,24950
185,대한제당,2015,3.871201010907891,-1.13,-0.004753767318769135,-1.15,0.7244110321208033,-0.1923847695390781,0.42117924510791194,48.96,0.0328808860119648,0.7450503338701352,3.34,0.25340672999847735,3594461000.0,450.0,2.23,0.0093313274288842,25.90575722823297,20150
186,대한제당,2016,3.8918202981106265,1.64,0.0717933693488299,-4.97,0.6284216786855996,0.1910669975186103,0.4736971817770325,49.31,0.0295796775090937,0.9681425514871244,2.68,0.2507160066253379,5367500000.0,650.0,2.71,0.1385497393847787,26.080606770188226,24000
187,대한제당,2017,3.912023005428146,0.91,0.009139714798719717,0.81,0.608124072965729,0.0208333333333332,0.4814632125664493,49.08,0.0223994814899959,1.388272307582341,2.67,0.23060911072192064,4541731000.0,550.0,2.24,-0.1354585468151057,26.101226057390964,24500
188,대한제당,2018,3.9318256327243257,0.85,0.011109243031397244,-5.06,0.6019437227530935,-0.2244897959183673,0.373223653245884,49.18,0.0304200044275511,1.435699597176698,2.33,0.24281295411471626,4541731000.0,550.0,2.89,0.1828358278261168,25.84699191900672,19000
189,대한제당,2019,3.9512437185814275,1.27,0.007444088702270043,-0.47,0.5938197086996457,0.05,0.38141680160549796,49.13,0.0538378871308799,0.4398105652816146,1.83,0.21926906803867238,5668442000.0,675.0,3.38,0.1186395667579998,25.895782083176154,19950
190,대한제당,2020,3.970291913552122,1.98,0.056495998220268004,0.84,0.5824897054718035,0.150375939849624,0.43160578784732456,48.41,0.0499577207863753,0.227156333832011,1.9,0.2283818401994814,7455883000.0,900.0,3.92,0.1162598061158619,26.05043132170651,22950
191,대한제당,2021,3.9889840465642745,1.71,-0.010013878151722505,0.0,0.5676196195518866,0.3159041394335511,0.533280063009981,48.38,0.0639038264533813,0.5711683931498079,2.4,0.31707145356043676,9866624000.0,110.0,3.64,-0.0585941642660527,26.324955309580783,3020
193,대한제분,2011,3.7376696182833684,0.64,0.00912517777909247,3.41,0.338789563982725,-0.0662983425414365,0.5110929777281495,35.82,0.0422733218656155,4.9523967261653565,12.21,0.3927863905325444,5339000000.0,3250.0,1.92,0.0419641990990322,26.377893080804466,169000
194,대한제분,2012,3.7612001156935624,3.64,0.022968414676166234,18.4,0.32922228767686645,-0.1775147928994083,0.3892512245398448,36.7,0.052700519588633,3.5548980294798898,8.23,0.4841781065088757,4107000000.0,2500.1,1.8,-0.0419641990990322,26.182468299012086,139000
195,대한제분,2013,3.784189633918261,2.05,0.06710654043119925,-2.84,0.32310744317453594,0.1043165467625899,0.4271246328323608,36.82,0.0388493611095732,2.5866645188994526,8.9,0.48353668639053254,3285488000.0,2000.0,1.3,-0.1967102942460541,26.28169493290865,153500
196,대한제분,2014,3.8066624897703196,4.1,0.07948455211232566,0.57,0.30618670741973963,0.013029315960912,0.42067594369750455,39.43,0.0462236042950108,1.5008997301618798,14.89,0.47450710059171597,4106860000.0,2500.0,1.61,0.126441098399498,26.29464009750068,155500
197,대한제분,2015,3.828641396489095,3.81,0.05987807144308966,-5.04,0.26636371961502125,0.1832797427652732,0.47336269269938214,41.58,0.0612117865458619,1.075654839311076,15.55,0.4345508875739645,3285488000.0,2000.0,1.09,-0.2221861553578823,26.46293012349038,184000
198,대한제분,2016,3.8501476017100584,3.11,0.09933342094190745,-2.22,0.23700194237430763,-0.0217391304347825,0.4595881232276321,41.03,0.0274013723382552,1.1093691901256335,12.62,0.41494615384615385,3285488000.0,2000.0,1.11,0.0095238815112554,26.440951216771605,180000
199,대한제분,2017,3.871201010907891,5.86,0.04964661084283003,0.41,0.18667555085395815,-0.0749999999999999,0.39608928953502776,41.9,0.0202346239257326,0.5089531740085104,13.41,0.40097455621301775,3290448000.0,2000.0,1.2,0.0417694128762949,26.362989675301893,166500
200,대한제분,2018,3.8918202981106265,5.74,0.01373788885385293,6.63,0.1855897095760528,0.0570570570570569,0.3971135039151942,41.9,0.0257928945923157,1.429160592795647,13.55,0.36045739644970415,4113060000.0,2500.0,1.42,0.0953101798043248,26.418478360919543,176000
201,대한제분,2019,3.912023005428146,1.77,0.003315044124523684,8.01,0.24401309309428817,-0.1619318181818182,0.3280590328592034,41.76,0.0381823005281766,1.5542307850938155,13.73,0.34211952662721895,3290448000.0,2000.0,1.36,-0.0251059211310763,26.241822541661268,147500
202,대한제분,2020,3.9318256327243257,1.99,0.04395623110390089,3.9,0.2802899859892338,0.1254237288135593,0.3592986159049896,42.59,0.0625289632162889,2.3274950769729545,10.47,0.3588905325443787,3290448000.0,2000.0,1.2,-0.0702042586732485,26.359982154237937,166000
203,대한제분,2021,3.9512437185814275,7.26,0.021684266797820824,14.54,0.3336713075060533,-0.0692771084337349,0.2965020020031387,42.43,0.0409846164582689,2.231285130442396,8.13,0.42298816568047337,4113060000.0,2500.0,1.62,0.1747169574087353,26.288188462219196,154500
205,세방전지,2011,3.2188758248682006,16.13,0.11641637783209895,20.71,0.31182205732535917,0.3399390243902438,1.2546414392590826,44.74,0.0390101951121359,2.9350014196475844,26.91,0.28491135714285715,4900000000.0,350.0,0.8,-0.0593165771564193,27.145375790692857,43950
206,세방전지,2012,3.258096538021482,13.18,0.18879537535143084,-11.27,0.24209636582979097,0.0728100113765641,1.127368181950154,41.42,0.025565200741993,0.8631531343471711,26.32,0.3156413571428571,4900000000.0,350.0,0.74,-0.0339015516756814,27.215657175641137,47150
207,세방전지,2013,3.295836866004329,8.53,0.06510196194254377,8.56,0.25525824045748013,0.1622481442205725,1.1838720578727029,41.42,0.038565180507579,1.9185497995447895,25.22,0.239445,4200000000.0,301.2,0.55,-0.1156301822952823,27.36601336051564,54800
208,세방전지,2014,3.332204510175204,6.83,0.08193729290760418,4.0,0.24654154351608126,-0.2791970802919707,0.7911267905860204,41.48,0.0275628637636344,3.831557559705108,28.82,0.30683514285714286,4168312000.0,300.0,0.76,0.1270588781189051,27.038623838468745,39500
209,세방전지,2015,3.367295829986474,7.85,0.06770615151091494,0.0,0.23299346901276238,0.0341772151898733,0.7445935917299205,41.5,0.0459808412934797,3.287222738625019,34.1,0.31540307142857144,4810112000.0,350.0,0.86,0.0552626786750494,27.072229987867683,40850
210,세방전지,2016,3.4011973816621555,6.01,0.07310399639201826,0.37,0.23927821957146012,-0.0844553243574051,0.6335071565982263,41.5,0.0261427016418921,0.8556479026640401,36.52,0.324076,4810112000.0,350.0,0.94,0.0421114853501268,26.98399387098216,37400
211,세방전지,2017,3.4339872044851463,5.97,0.07266011699480508,15.76,0.22280525603527307,-0.0441176470588234,0.5622565754811197,41.48,0.0215174441706728,0.9218098140795496,36.64,0.25631842857142856,5497271000.0,400.0,1.12,0.0887281156086844,26.938873435701687,35750
212,세방전지,2018,3.4657359027997265,8.0,0.11746705259754088,6.28,0.22516779317470206,0.0055944055944054,0.512299566484432,41.49,0.0350167683237436,1.0740577265678235,36.21,0.2605032857142857,6872188000.0,500.0,1.39,0.1198772772594981,26.944452250728727,35950
213,세방전지,2019,3.4965075614664802,5.64,0.036120266235958404,-3.55,0.3018481620981141,0.0375521557719054,0.4951217893409438,41.48,0.0379763604986442,1.1606463716395454,37.73,0.2665299285714286,6872188000.0,500.0,1.34,-0.0211424365738092,26.98131649321144,37300
214,세방전지,2020,3.5263605246161616,4.41,0.12229552148130539,9.99,0.249720010037376,0.8471849865951742,0.8489851960076749,41.54,0.0680536736309608,1.2779801772067418,27.53,0.29212757142857143,6701015000.0,500.0,0.73,-0.3020295208599225,27.594979344581283,68900
215,세방전지,2021,3.5553480614894135,5.33,0.006882052469410654,7.92,0.28045962681294934,0.1015965166908563,0.8767326732673267,41.55,0.0790888803463184,1.8243994445661769,26.11,0.28400021428571426,8043666000.0,600.0,0.79,0.034094211342976,27.691739850963256,75900
217,SK텔레콤,2011,3.1354942159291497,6.66,0.2588192563408028,2.71,0.4774398752359846,-0.1844329380324035,0.8973366298192842,25.22,0.038300826019209,1.7207653336040138,40.96,0.3076816798356014,656533000000.0,9420.1,6.66,0.1750374455029721,30.06687040017076,141500
218,SK텔레콤,2012,3.1780538303479458,4.47,0.15626357655221992,2.27,0.4977730547437841,0.0777422790202342,0.9579084021143853,25.22,0.0320914427713563,1.5363701810870103,44.14,0.3212492611527069,655133000000.0,9400.0,6.16,-0.0675020027799457,30.14173527913493,152500
219,SK텔레콤,2013,3.2188758248682006,6.17,0.13389912140424812,1.85,0.4669538878332361,0.5081711766494375,1.3109365359366396,25.22,0.0385346331760056,1.6187752572032146,48.01,0.3822819889467566,666374000000.0,9394.0,4.08,-0.3431987193821637,30.55264999201066,230000
220,SK텔레콤,2014,3.258096538021482,6.6,0.13161174180063848,3.38,0.4542754069259731,0.1652344832799939,1.419164795288655,25.23,0.035671254423695,1.1493621419436673,43.47,0.4026155643115211,666802000000.0,9400.0,3.51,-0.1190141080758035,30.705557663598324,268000
221,SK텔레콤,2015,3.295836866004329,5.36,0.13218841624273128,-0.16,0.4620942291140392,-0.1958910034602076,1.1318191452182567,25.22,0.0343629677316454,1.1263362434607769,39.38,0.4114177531980615,708112000000.0,10028.6,4.65,0.2253583916437627,30.487531592631267,215500
222,SK텔레콤,2016,3.332204510175204,5.54,0.13557449908459726,-0.26,0.485058007457417,0.0394276800602442,1.1222754004616415,25.22,0.029136708204119,0.6296295206971587,40.78,0.4244859767226522,706092000000.0,10000.0,4.46,-0.0342067554015361,30.526216734942505,224000
223,SK텔레콤,2017,3.367295829986474,8.21,0.11534459910196927,2.51,0.4606670316225279,0.1919633616228524,1.1957882122889534,25.22,0.0272725162757043,0.6700248751601198,41.43,0.4205045020905197,706092000000.0,10000.0,3.75,-0.1393041717102636,30.70181934148772,267000
224,SK텔레콤,2018,3.4011973816621555,8.26,0.1022580135051252,-3.69,0.4725118069536525,0.0093776456031433,0.9736756459710147,26.78,0.0318098905552015,1.5960263155725227,41.83,0.4111235827745699,717438000000.0,9982.5,3.7,-0.0105821093305369,30.71113907343652,269500
225,SK텔레콤,2019,3.4339872044851463,1.98,0.08935075182239596,5.15,0.48839539491970696,-0.1168842340695498,0.8420040404845882,26.78,0.0215574172292858,1.5561598032764283,37.19,0.41178010061735665,730098000000.0,9982.7,4.19,0.0991711884617843,30.586841356758946,238000
226,SK텔레콤,2020,3.4657359027997265,3.24,0.1215246206191162,4.96,0.4907570918654894,0.0,0.78772428566744,26.78,0.0406244495566762,3.6114124660581206,33.94,0.3902747230747649,715081000000.0,10025.4,4.21,0.0038461585874782,30.586841356758946,238000
227,SK텔레콤,2021,3.4965075614664802,7.83,0.16276507296684384,0.0,0.6009485204439801,0.4099941554646404,1.02718575752122,30.02,0.0406762272353685,3.3223084344072165,44.56,0.5133830184334417,716990000000.0,3295.3,5.69,0.2500340183748615,30.17029276140552,57900
229,태경산업,2011,2.772588722239781,6.34,0.07685999701556878,19.5,0.38446816725131516,-0.3237179487179487,0.35597907335149614,61.52,0.0399721239544217,0.6404946005497115,2.34,0.3017395885900013,4384000000.0,150.0,4.74,0.309996562637185,25.250571706468016,3165
230,태경산업,2012,2.833213344056216,5.77,0.0701187602033677,1.62,0.35623863053314053,0.0552922590837283,0.3536692303790865,61.69,0.0262791840963088,1.6279537257960772,2.02,0.29135484753881025,4384000000.0,150.0,4.49,-0.0445309548100356,25.304389457860488,3340
231,태경산업,2013,2.8903717578961645,1.77,0.07886683199378529,9.58,0.35262711533290275,0.4610778443113772,0.5063950722476657,61.69,0.0334904685821192,1.6784814565552968,7.8,0.24507134242825984,4384312000.0,150.0,3.07,-0.2992852560669357,25.683563870736933,4880
232,태경산업,2014,2.9444389791664403,1.67,0.055769046713717345,-8.56,0.37379088725458376,0.1885245901639345,0.6276699532376365,61.69,0.0239936933820292,2.490307879225641,6.69,0.21869002266603943,4384313000.0,150.0,2.59,-0.1254907969543162,25.85627656842425,5800
233,태경산업,2015,2.995732273553991,-1.85,0.04949205397558166,-13.2,0.4489407441983958,-0.0034482758620689,0.6564430175629469,61.69,0.0232351868784351,2.338803112705293,4.98,0.18900394303553864,5261175000.0,180.0,3.11,0.1352708260079556,25.85282233355616,5780
234,태경산업,2016,3.044522437723423,0.9,0.03494851704862379,25.67,0.47314395322613656,-0.1678200692041522,0.5354107161898669,61.95,0.01893496807859,2.0617468321789563,4.21,0.19397747081212846,5845750000.0,200.0,4.16,0.2275135509853283,25.669115734989543,4810
235,태경산업,2017,3.091042453358316,1.59,0.08402576913351315,26.77,0.44492161159811194,0.0810810810810811,0.5769898032784396,61.94,0.0173533543688106,1.8504864225386688,3.46,0.19962663473463627,5845750000.0,200.0,3.85,-0.0619578745440796,25.747077276459255,5200
236,태경산업,2018,3.1354942159291497,2.84,0.033674693822652056,-0.05,0.42823740974055763,0.073076923076923,0.525576664657981,63.47,0.0593340383190645,1.8198992646114491,5.13,0.1772781251336441,6365828000.0,220.0,3.94,0.0183866262504392,25.81760742726509,5580
237,태경산업,2019,3.1780538303479458,4.63,0.1064920585437457,-7.79,0.38862365905536217,0.0232974910394265,0.4862927628416001,63.74,0.0371927227635959,0.983378530034747,3.85,0.2114578625497156,10686738000.0,370.0,6.48,0.4148674607865548,25.8406376745398,5710
238,태경산업,2020,3.2188758248682006,1.58,0.04922049097344871,-17.12,0.3615239094610672,0.0315236427320491,0.49813756141457516,63.54,0.0494367333740194,1.5279725128417627,3.41,0.21270700936577855,6844000000.0,237.0,4.02,-0.3988028582827481,25.87167464853537,5890
239,태경산업,2021,3.258096538021482,5.02,0.10549265809969113,20.0,0.3407544730352336,0.1375212224108659,0.5080241076686408,61.97,0.0515704329976692,1.5326556473432982,2.51,0.30234064063635974,7625616000.0,267.4,3.99,-0.0059940239402103,26.0005261772688,6700
241,태경케미컬,2011,2.1972245773362196,9.21,0.08538999033425775,34.69,0.1545339129150874,-0.2642777155655095,0.5343431735948823,57.43,0.0631256148893678,3.1146749429113787,0.51,0.34415396551724137,1740000000.0,150.0,4.57,0.2449229965782497,24.363637586995303,3285
242,태경케미컬,2012,2.302585092994046,8.25,0.09892513848501826,4.32,0.14248710923254043,0.3120243531202435,0.646549672850728,57.43,0.0677784057852058,3.611735501574461,3.28,0.32753741379310347,1740000000.0,150.0,3.48,-0.2177720075122988,24.635208839174386,4310
243,태경케미컬,2013,2.3978952727983707,4.36,0.09165454150498138,-7.07,0.1450931899641577,0.2807424593967518,0.7395528031658016,57.43,0.0470437048031041,4.30500871079258,3.88,0.3150010344827586,1740000000.0,150.0,2.72,-0.1858993781418385,24.88264879534773,5520
244,태경케미컬,2014,2.4849066497880004,5.7,0.09851907978497666,4.0,0.16303275746215873,0.0036231884057971,0.6788619128909796,57.43,0.0389012317524428,2.5682743882485246,2.58,0.3384491379310345,1740000000.0,150.0,2.71,-0.0026917916657114,24.88626543581792,5540
245,태경케미컬,2015,2.5649493574615367,4.64,0.036993547128853915,-5.66,0.17143592917952719,0.1606498194945849,0.7633275612664827,57.43,0.0402609803081426,1.9761157186089409,1.08,0.34251008620689655,1740000000.0,150.0,2.33,-0.1080595726269912,25.035245473308255,6430
246,태경케미컬,2016,2.6390573296152584,3.31,0.042166818467197824,0.84,0.15432861425274347,-0.1835147744945567,0.6368008530496393,57.43,0.0283530334744911,0.70682388188289,0.2,0.3327705172413793,1740000000.0,150.0,2.86,0.1476948794843868,24.83249901166226,5250
247,태경케미컬,2017,2.70805020110221,1.47,0.05729732245325815,-4.77,0.11932115198669811,-0.1304761904761905,0.5433595514526577,57.43,0.0220352602246753,1.197539143410351,0.35,0.3417637931034483,1740000000.0,150.0,3.29,0.1056195494631861,24.69268944910566,4565
248,태경케미컬,2018,2.772588722239781,2.49,0.03949771092748024,-2.96,0.12337231521015633,0.0164293537787514,0.4983888292158969,57.43,0.0328395815654618,1.5918228544659097,1.38,0.36428155172413795,1728514000.0,150.0,3.23,-0.0140847398817389,24.70898530129689,4640
249,태경케미컬,2019,2.833213344056216,7.59,0.24463951010536716,-11.82,0.12630889021611696,0.1314655172413792,0.5139630858039851,59.11,0.0654109159869765,0.9218098140795258,4.02,0.3213678448275862,1715316000.0,150.0,2.86,-0.0915348095814472,24.83249901166226,5250
250,태경케미컬,2020,2.8903717578961645,5.6,0.0623857505384599,12.5,0.1171248018538659,1.6952380952380954,1.3215568187307773,58.76,0.1292659152096352,3.278841258737604,1.67,0.3300766379310345,2266780000.0,200.0,1.41,-0.4710404359741759,25.823985559147975,14150
251,태경케미컬,2021,2.9444389791664403,7.24,0.08328354671344855,14.89,0.12294037176663805,-0.127208480565371,1.016143675878114,58.76,0.086830659844293,2.5704150118868605,2.1,0.3146581034482759,2493458000.0,220.0,1.78,0.1428241801999822,25.68792699813272,12350
