회사명,거래소코드,회계년도,자산(*)(IFRS연결)(천원),자본(*)(IFRS연결)(천원),부채(*)(IFRS연결)(천원),매출액증가율(IFRS연결),영업활동으로 인한 현금흐름(간접법)(*)(IFRS연결)(천원),보통주배당금_현금(천원),상장일,종가(원),보통주식비율,외국인_주식분포비율,소액주주계_주식수(주),[공통]   보통주(IFRS연결)(천원),[공통]         우선주자본금(IFRS연결)(천원),[공통]자산(*)(IFRS)(천원),[공통]자본(*)(IFRS)(천원),[공통]부채(*)(IFRS)(천원),[공통]매출액증가율(IFRS),[공통]영업활동으로 인한 현금흐름(간접법)(*)(IFRS)(천원),[공통]   보통주(IFRS)(천원),[공통]      우선주자본금(IFRS)(천원),발행주식 보통주
(주)노루페인트,90350,Dec-10,432876772,218550474,214326298,18.46,18506397,3000000,2006-07-03,3305,68.4,1,7386317,20000000,231563,421870977,217948168,203922809,17.5,16176192,20000000,231563,20000000
(주)노루페인트,90350,Dec-11,490240264,224078306,266161958,19.61,25186149,4000000,2006-07-03,2970,68.1,0.98,,20000000,231563,473071190,218898181,254173009,19.63,23786392,20000000,231563,20000000
(주)노루페인트,90350,Dec-12,527545682,222705225,304840457,8.16,-5557404,4000000,2006-07-03,4555,65.04,2.69,5858064,20000000,231563,511877762,218703476,293174286,7.82,-6315034,20000000,231563,20000000
(주)노루페인트,90350,Dec-13,528887786,230644925,298242861,3.54,15754793,4000000,2006-07-03,5110,65.12,0.53,7439238,20000000,231563,507427528,224963718,282463810,2.39,18284130,20000000,231563,20000000
(주)노루페인트,90350,Dec-14,544220095,241258376,302961719,5.69,26737511,4000000,2006-07-03,9050,55.75,2.65,7817491,20000000,231563,518168929,232266487,285902442,4.48,20446818,20000000,231563,20000000
(주)노루페인트,90350,Dec-15,572890897,271200294,301690604,0.76,28906227,4000000,2006-07-03,11150,54.59,3.46,7785581,20000000,231563,526081263,244314331,281766932,0.97,25430195,20000000,231563,20000000
(주)노루페인트,90350,Dec-16,570582358,276454031,294128326,3.75,44454802,4000000,2006-07-03,8550,54.03,3.68,8485332,20000000,231563,543186736,266158031,277028706,2.95,42491282,20000000,231563,20000000
(주)노루페인트,90350,Dec-17,591817509,299029824,292787685,15.13,33336696,5000000,2006-07-03,8680,53.69,4.4,7842488,20000000,231563,541017214,282180816,258836398,11.06,31427537,20000000,231563,20000000
(주)노루페인트,90350,Dec-18,607444943,307805863,299639080,11.48,13983628,5000000,2006-07-03,8230,53.39,5.18,7909745,20000000,231563,555644322,291347902,264296420,11.96,17976429,20000000,231563,20000000
(주)노루페인트,90350,Dec-19,627342505,322368611,304973894,5.32,59239359,5500000,2006-07-03,8150,53.21,5.67,8035363,20000000,231563,570495808,301854965,268640842,5.08,45995895,20000000,231563,20000000
(주)노루페인트,90350,Dec-20,666659131,333862156,332796975,-0.7,39913309,5500000,2006-07-03,9910,53.21,6.5,8809021,20000000,231563,598656694,307886508,290770186,-1.66,33506452,20000000,231563,20000000
(주)노루페인트,90350,Dec-21,670646934,344991439,325655495,13.69,23768428,5500000,2006-07-03,14900,51.91,5.34,8594487,20000000,231563,600505458,311999317,288506141,16.57,18815693,20000000,231563,20000000
(주)대동,490,Dec-10,537197200,229915145,307282054,1.34,48196101,1036411,1975-06-27,5020,43.42,1.61,9051605,23728210,0,463412629,211483914,251928715,5.48,18109272,23728210,0,23728210
(주)대동,490,Dec-11,568320324,234924528,333395797,19.14,18794798,1036000,1975-06-27,3675,43.42,1.46,8825545,23728210,0,469760509,211881261,257879247,14.08,30245296,23728210,0,23728210
(주)대동,490,Dec-12,554436780,230400313,324036467,-8.99,21357764,1036000,1975-06-27,5660,28.8,1.77,7986825,23728210,0,456743836,212757014,243986822,-5.83,23467393,23728210,0,23728210
(주)대동,490,Dec-13,577832578,225940641,351891937,9.07,34316607,1036411,1975-06-27,6000,29.31,1.85,7845605,23728210,0,489594789,205375934,284218856,7.51,16521273,23728210,0,23728210
(주)대동,490,Dec-14,707010305,230397276,476613029,-1.84,-29488157,1243693,1975-06-27,9850,32.02,1.88,7676238,23728210,0,603838912,208491784,395347128,-0.83,-31838299,23728210,0,23728210
(주)대동,490,Dec-15,688285313,233122550,455162763,-3.28,15423255,1036410,1975-06-27,9170,32.42,1.82,7938806,23728210,0,579538912,206366674,373172238,-8.5,5917601,23728210,0,23728210
(주)대동,490,Dec-16,667215742,215148462,452067280,0.33,348037,829128,1975-06-27,7150,26.85,1.65,7938806,23728210,0,539759118,186302672,353456446,0.33,11924423,23728210,0,23728210
(주)대동,490,Dec-17,730626224,218897831,511728393,4.22,10643045,1243693,1975-06-27,9600,27.03,2.76,7938806,23728210,0,558502937,186741849,371761087,-2.22,39111345,23728210,0,23728210
(주)대동,490,Dec-18,772716728,217503766,555212961,7.32,3948352,1036410,1975-06-27,5180,27.48,2.52,10775919,23728210,0,551959996,180481204,371478792,4.93,31356254,23728210,0,23728210
(주)대동,490,Dec-19,816997552,220811970,596185582,27.21,72909689,1243693,1975-06-27,5680,27.68,4.39,11358657,23728210,0,550191361,170092153,380099209,30.38,49932046,23728210,0,23728210
(주)대동,490,Dec-20,938726122,328298574,610427548,7.54,70863448,1658257,1975-06-27,6820,27.72,2.23,12105728,23728210,0,657149258,245610523,411538734,2.75,24614565,23728210,0,23728210
(주)대동,490,Dec-21,1260639076,385904527,874734549,31.64,-5872607,1658257,1975-06-27,10100,27.72,4,13214991,23728210,0,812118607,261227024,550891583,39,14558081,23728210,0,23728210
(주)삼천리,4690,Dec-10,2109726710,1126670978,983055731,13.67,65045740,7168460,1976-12-23,111000,31.5,31.32,1172039,4055025,0,2022774743,1106463055,916311687,14.57,58383076,4055025,0,4055025
(주)삼천리,4690,Dec-11,2445760692,1142056810,1303703883,12.77,88879395,10690000,1976-12-23,91500,31.47,34.14,1123747,4055025,0,2293782398,1124205699,1169576699,11.5,86035417,4055025,0,4055025
(주)삼천리,4690,Dec-12,2775289821,1163778776,1611511045,15.24,381001335,10690000,1976-12-23,124500,32.5,25.7,1333360,4055025,0,2590523806,1154951037,1435572768,13.96,382754138,4055025,0,4055025
(주)삼천리,4690,Dec-13,2747656135,1195230173,1552425962,5.87,-134301900,10690215,1976-12-23,127000,32.51,25.63,1679734,4055025,0,2506237676,1190871489,1315366187,4.54,-145477573,4055025,0,4055025
(주)삼천리,4690,Dec-14,3659823478,1318184722,2341638757,2.64,-61387238,7126810,1976-12-23,139000,32.46,25.54,1659973,4055025,0,2524203392,1182363808,1341839584,-0.13,-77473944,4055025,0,4055025
(주)삼천리,4690,Dec-15,3543526900,1349051200,2194475700,-2.31,194007173,8908512,1976-12-23,102500,32.47,22.32,1530050,4055025,0,2425464258,1197961949,1227502309,-17.8,169995208,4055025,0,4055025
(주)삼천리,4690,Dec-16,3690167118,1362989763,2327177355,-16.48,329878875,8908512,1976-12-23,101500,32.49,23.09,1520873,4055025,0,2590393407,1228498322,1361895085,-17.12,317599609,4055025,0,4055025
(주)삼천리,4690,Dec-17,3704259229,1355816089,2348443141,7.57,100258623,10690215,1976-12-23,113000,32.48,23.14,1509192,4055025,0,2600414929,1255930916,1344484013,5.66,53240833,4055025,0,4055025
(주)삼천리,4690,Dec-18,3699411189,1368320165,2331091025,4.95,125020396,10690215,1976-12-23,91000,32.48,22.98,1595010,4055025,0,2592381487,1265801886,1326579601,0.59,125819422,4055025,0,4055025
(주)삼천리,4690,Dec-19,3912362195,1392949320,2519412875,0.1,317059914,10690215,1976-12-23,84500,32.47,20.25,1588974,4055025,0,2789078340,1288062073,1501016267,0.14,249294082,4055025,0,4055025
(주)삼천리,4690,Dec-20,3859947628,1390806224,2469141404,-7.16,100270562,10272075,1976-12-23,81400,39.18,16.72,1363004,4055025,0,2813959889,1299100130,1514859759,-5.64,76650192,4055025,0,4055025
(주)삼천리,4690,Dec-21,4245308851,1460127303,2785181548,17.1,340891943,10272075,1976-12-23,90800,39.19,20.41,1492072,4055025,0,3097379762,1330654030,1766725732,9.52,262900494,4055025,0,4055025
(주)엔아이스틸,8260,Dec-10,,,,,,1421334,1975-06-16,2355,56.94,0.21,12241687,,,131949844,52971751,78978093,11.37,26130244,28426850,0,28600117
(주)엔아이스틸,8260,Dec-11,,,,,,1421000,1975-06-16,1820,57.64,0.2,11328660,,,143559344,57551005,86008339,14.82,2680582,28426850,0,28600117
(주)엔아이스틸,8260,Dec-12,,,,,,1421000,1975-06-16,1710,57.9,0.58,11136884,,,142242311,62905405,79336906,-1.81,22687495,28426850,0,28600117
(주)엔아이스틸,8260,Dec-13,,,,,,1421334,1975-06-16,1855,57.9,0.23,10246278,,,153991972,68842829,85149143,15.18,25757767,28426850,0,28600117
(주)엔아이스틸,8260,Dec-14,,,,,,1421334,1975-06-16,2330,57.9,1.58,10118650,,,169173823,72547044,96626779,4.33,20432319,28426850,0,28600117
(주)엔아이스틸,8260,Dec-15,,,,,,1421342,1975-06-16,2645,57.9,1.57,11967446,,,176627843,78380632,98247212,-6.34,30478729,28426850,0,28600117
(주)엔아이스틸,8260,Dec-16,,,,,,1421342,1975-06-16,3135,58.46,1.9,9390053,,,207262893,86854093,120408800,-3.57,25384882,28426850,0,28600117
(주)엔아이스틸,8260,Dec-17,,,,,,1421342,1975-06-16,2930,58.45,1.67,10488309,,,251330239,98124275,153205964,31.73,24347506,28426850,0,28600117
(주)엔아이스틸,8260,Dec-18,,,,,,1430006,1975-06-16,2270,58.11,1.31,11981730,,,243908883,106298897,137609986,0.09,31426601,28600117,0,28600117
(주)엔아이스틸,8260,Dec-19,,,,,,1430006,1975-06-16,2210,58.11,2.53,11981730,,,258675167,110884711,147790456,-1.66,14348218,28600117,0,28600117
(주)엔아이스틸,8260,Dec-20,,,,,,1430006,1975-06-16,2565,59.16,2.42,11373082,,,287376146,121439949,165936197,29.92,34156335,28600117,0,28600117
(주)엔아이스틸,8260,Dec-21,,,,,,2145009,1975-06-16,3375,58.96,4.08,10891995,,,341056807,141853067,199203740,28.89,28000901,28600117,0,28600117
(주)엘에스,6260,Dec-10,8816873000,2723841000,6093032000,-22.93,-200966000,27767071,1977-06-30,106500,33.43,14.57,13852327,32200000,0,1799072000,1634854000,164218000,-66.55,37613000,32200000,0,32200000
(주)엘에스,6260,Dec-11,9957828000,2786068000,7171760000,19.23,-134090000,34709000,1977-06-30,76000,33.45,12.94,14228930,32200000,0,1830285000,1662893000,167392000,13.65,63183000,32200000,0,32200000
(주)엘에스,6260,Dec-12,10088230000,2890298000,7197932000,-3.81,363721000,34709000,1977-06-30,94300,33.43,12.54,14295136,32200000,0,1828317000,1697531000,130786000,13.21,78412000,32200000,0,32200000
(주)엘에스,6260,Dec-13,10006806000,3007137000,6999669000,-3.67,498326000,34709000,1977-06-30,80900,33.43,16.78,14013516,32200000,0,1814856000,1725121000,89735000,-0.69,67270000,32200000,0,32200000
(주)엘에스,6260,Dec-14,10335736000,3033108000,7302628000,-4.88,409172000,34709000,1977-06-30,54300,33.42,20.04,14237818,32200000,0,2150823000,1743135000,407688000,-5.61,54311000,32200000,0,32200000
(주)엘에스,6260,Dec-15,9881465000,2953587000,6927878000,-8.14,464096000,34708839,1977-06-30,40350,33.43,10.94,15004851,32200000,0,2211482000,1817572000,393910000,39.14,95328000,32200000,0,32200000
(주)엘에스,6260,Dec-16,9713037000,3255234000,6457803000,-3.78,807927000,34708839,1977-06-30,59300,33.42,20.74,14038386,32200000,0,2205888000,1822294000,383594000,-38.99,32622000,32200000,0,32200000
(주)엘에스,6260,Dec-17,9978904000,3632110000,6346794000,-1.1,237436000,34708839,1977-06-30,72500,33.42,19.36,15005479,32200000,0,2208999000,1858248000,350751000,38.77,69534000,32200000,0,32200000
(주)엘에스,6260,Dec-18,10490289000,4359561000,6130728000,6.25,49863000,34708839,1977-06-30,49100,33.23,17.73,14486691,32200000,0,2315648000,2060030000,255618000,109.96,188825000,32200000,0,32200000
(주)엘에스,6260,Dec-19,10763512000,4271328000,6492184000,0.65,303727000,40262253,1977-06-30,47800,32.32,13.78,13985442,32200000,0,3502957000,3196354000,306603000,-64,78337000,32200000,0,32200000
(주)엘에스,6260,Dec-20,11660540000,4448497000,7212043000,2.63,701304000,40262253,1977-06-30,71400,35.21,11.85,14729296,32200000,0,3619489000,3310573000,308916000,90.27,78829000,32200000,0,32200000
(주)엘에스,6260,Dec-21,12625931000,4710266000,7915665000,25.32,-133177000,40262253,1977-06-30,54100,32.23,13.92,15109132,32200000,0,4028895000,3546597000,482298000,110.58,86667000,32200000,0,32200000
(주)엘에프,93050,Dec-10,976873609,741627309,235246299,0,139394674,11696000,2006-12-01,31350,38.25,19.76,12460267,29240000,0,970269917,741620734,228649183,20.23,142603546,29240000,0,29240000
(주)엘에프,93050,Dec-11,1172742302,824935983,347806319,0,-61072078,11696000,2006-12-01,40400,38.66,21.21,15375479,29240000,0,1152310780,836144983,316165798,27.26,-37925931,29240000,0,29240000
(주)엘에프,93050,Dec-12,1208059897,874708113,333351783,1.89,179479282,11696000,2006-12-01,31300,38.62,12.22,13455877,29240000,0,1202450421,904878675,297571746,-1.51,200162015,29240000,0,29240000
(주)엘에프,93050,Dec-13,1291580454,914947992,376632462,1.33,172141652,11696000,2006-12-01,33700,39.65,27.81,12090471,29240000,0,1305043867,981050493,323993374,1.92,195780556,29240000,0,29240000
(주)엘에프,93050,Dec-14,1402966835,982963474,420003361,-1.74,102548362,14620000,2006-12-01,29900,39.69,38.01,10923737,29240000,0,1418950059,1066022383,352927676,-2.2,122614340,29240000,0,29240000
(주)엘에프,93050,Dec-15,1474852964,1017555480,457297484,7.59,51651981,14620000,2006-12-01,27000,39.62,30.87,11419911,29240000,0,1374419707,1043073452,331346255,3.22,62569380,29240000,0,29240000
(주)엘에프,93050,Dec-16,1581137589,1052185230,528952359,-2.66,141299870,14620000,2006-12-01,21550,40.13,25.89,12085145,29240000,0,1466740985,1082969127,383771858,-3.5,150785543,29240000,0,29240000
(주)엘에프,93050,Dec-17,1594829433,1103322258,491507174,4.76,119459296,14620000,2006-12-01,31300,39.89,37.57,14132559,29240000,0,1460551696,1120390995,340160701,0.68,107090951,29240000,0,29240000
(주)엘에프,93050,Dec-18,1651840925,1183428503,468412422,6.53,124688338,14620000,2006-12-01,24850,39.97,37.98,14931888,29240000,0,1506189440,1186282646,319906794,1.84,128296752,29240000,0,29240000
(주)엘에프,93050,Dec-19,2417125014,1391539546,1025585468,8.5,153091649,14620000,2006-12-01,18500,39.95,30.47,14071179,29240000,0,1661805714,1243180957,418624757,-0.67,124181224,29240000,0,29240000
(주)엘에프,93050,Dec-20,2479439884,1414420667,1065019216,-13.03,305614753,14230000,2006-12-01,14700,44.81,22.96,12196215,29240000,0,1709663457,1258493941,451169516,-20.59,163942241,29240000,0,29240000
(주)엘에프,93050,Dec-21,2541137895,1498369503,1042768391,11.34,310840898,17076000,2006-12-01,17250,47.74,23.97,13312523,29240000,0,1838417505,1385057544,453359961,2.65,100203046,29240000,0,29240000
(주)유니드,14830,Dec-10,634716151,415584524,219131627,4.58,75153841,7243576,2004-12-03,55100,55.6,4.49,1952582,6585069,0,587133925,391321842,195812083,6.78,57712212,6585069,0,8889843
(주)유니드,14830,Dec-11,962778158,475029204,487748953,18.73,-35204405,4939000,2004-12-03,51100,55.6,5.8,1783036,6585069,0,790662235,421194532,369467702,31.2,-35988931,6585069,0,8889843
(주)유니드,14830,Dec-12,843081791,471831482,371250309,-5.03,98720760,4880000,2004-12-03,38200,55.66,6.04,1990016,6585069,0,720927489,430147163,290780325,-18.91,96875651,6585069,0,8889843
(주)유니드,14830,Dec-13,880892350,494311930,386580420,5.17,52514573,6585069,2004-12-03,59200,55.66,5.44,1624944,6585069,0,741735356,434829507,306905849,3.21,40164774,6585069,0,8889843
(주)유니드,14830,Dec-14,831508123,529567498,301940625,-1.87,62589107,7243576,2004-12-03,57500,54.3,5.15,2244167,6585069,0,686706658,458759698,227946960,2.35,53216756,6585069,0,8889843
(주)유니드,14830,Dec-15,1036809019,607188056,429620963,5.84,-3550004,9778827,2004-12-03,45700,47.27,7.18,2725820,8889843,0,769930988,537013653,232917335,-3.58,-27502895,8889843,0,8889843
(주)유니드,14830,Dec-16,1046784997,631742243,415042754,4.61,182916488,9777886,2004-12-03,44700,46.79,7.75,2788080,8889843,0,808986022,562027871,246958151,0.31,136161425,8889843,0,8889843
(주)유니드,14830,Dec-17,1113148608,649487265,463661343,2.9,-18991155,9777886,2004-12-03,46550,46.71,7.21,2894498,8889843,0,870939770,577927090,293012680,-0.7,-26111541,8889843,0,8889843
(주)유니드,14830,Dec-18,1111856122,655427112,456429010,6.77,54950769,9778827,2004-12-03,42000,45.96,5.77,3388582,8889843,0,970504873,565779711,404725162,2.91,39961900,8889843,0,8889843
(주)유니드,14830,Dec-19,1076285814,708808899,367476915,7.51,72484062,10667812,2004-12-03,46750,45.63,6,3455513,8889843,0,891991995,592201530,299790465,4.15,38326679,8889843,0,8889843
(주)유니드,14830,Dec-20,1120794923,781997903,338797020,1.75,157896474,12224580,2004-12-03,48300,46.58,11.53,3736198,8889843,0,905190187,632631834,272558352,3.22,88873331,8889843,0,8889843
(주)유니드,14830,Dec-21,1347710903,993090904,354619999,0,121769308,14844133,2004-12-03,100500,45.44,14.52,4316066,8889843,0,1002743918,729907904,272836014,19.53,24223808,8889843,0,8889843
(주)유한양행,100,Dec-10,1287900175,1096635568,191264607,2.6,148761814,10294159,1962-11-01,173500,15.62,39.66,4607275,10626355,1180940,1254490423,1077948665,176541758,3.01,140701346,10626355,1180940,73231476
(주)유한양행,100,Dec-11,1314066151,1116723282,197342869,2.36,72377881,12914286,1962-11-01,127500,15.63,35.01,4771174,11152546,1180940,1261112832,1087939077,173173755,2.82,72486653,11152546,1180940,73231476
(주)유한양행,100,Dec-12,1403084367,1188217352,214867014,14.31,72379345,12899430,1962-11-01,173000,15.62,25.97,5624952,11152546,1180940,1344865199,1152867604,191997595,14.25,77501006,11152546,1180940,73231476
(주)유한양행,100,Dec-13,1513968939,1228245700,285723239,21.53,79777959,15273018,1962-11-01,187000,15.56,24.6,5340535,11152546,1180940,1390058380,1175093332,214965048,22.13,86600144,11152546,1180940,73231476
(주)유한양행,100,Dec-14,1615971978,1275864680,340107298,7.83,94385653,17624731,1962-11-01,169500,15.56,24.83,5353462,11152546,1180940,1455736896,1212370057,243366840,8.22,89778742,11152546,1180940,73231476
(주)유한양행,100,Dec-15,1880328618,1363939912,516388706,10.93,126234691,20074690,1962-11-01,272500,15.52,32.18,5656361,11152546,1180940,1584414838,1285767014,298647824,11.18,135324871,11152546,1180940,73231476
(주)유한양행,100,Dec-16,2045941041,1496552355,549388686,17.02,74144087,20074690,1962-11-01,199500,15.52,29,5542490,11152546,1180940,1698094265,1390818058,307276208,17.05,94389537,11152546,1180940,73231476
(주)유한양행,100,Dec-17,2094673424,1606324995,488348428,10.71,126125108,21279010,1962-11-01,219000,15.52,23.79,6319089,11665896,1180940,1810455414,1487991260,322464154,10.67,48520504,11665896,1180940,73231476
(주)유한양행,100,Dec-18,2173812633,1651735504,522077130,3.87,93451633,22251156,1962-11-01,204500,15.57,21.87,6068541,12209354,1180940,1920025482,1554275112,365750370,3.77,80926432,12209354,1180940,73231476
(주)유한양행,100,Dec-19,2117200258,1649991372,467208887,-2.53,65985413,23310570,1962-11-01,236500,15.6,20.36,5524694,12777115,1180940,1931965072,1574109469,357855603,-2.89,37287779,12777115,1180940,73231476
(주)유한양행,100,Dec-20,2393522101,1846502194,547019907,9.42,28830249,24469858,1962-11-01,75100,15.66,20.3,35132249,66856810,1180940,2139879594,1750367144,389512450,7.15,47685774,66856810,1180940,73231476
(주)유한양행,100,Dec-21,2463811805,1935889088,527922717,0,99000468,25608803,1962-11-01,62100,15.74,16.89,31459743,69972959,1180940,2201518256,1850978342,350539914,3.58,106030640,69972959,1180940,73231476
(주)한섬,20000,Dec-10,706707985,624620054,82087932,15.55,79099981,8349631,1996-07-03,18300,34.64,25.95,8571366,24630000,0,615856596,539811545,76045051,15.48,67351588,24630000,0,24630000
(주)한섬,20000,Dec-11,794253533,704159573,90093961,11.96,57395955,10326000,1996-07-03,29700,34.64,26.72,8366521,24630000,0,696095953,614315457,81780496,12.13,50488210,24630000,0,24630000
(주)한섬,20000,Dec-12,873763192,759402503,114360689,-2.45,66620222,6591000,1996-07-03,29450,34.64,21.86,8882120,24630000,0,742069846,670794323,71275523,-2.29,62745245,24630000,0,24630000
(주)한섬,20000,Dec-13,1002393310,795318746,207074565,-5.15,31765405,6590878,1996-07-03,31550,34.64,18.86,8848130,24630000,0,795055425,714741107,80314318,-5.5,46643545,24630000,0,24630000
(주)한섬,20000,Dec-14,1048239684,824666094,223573590,11.49,7033604,6590878,1996-07-03,32550,34.64,14.67,7749612,24630000,0,849745281,756478915,93266367,10.07,14912290,24630000,0,24630000
(주)한섬,20000,Dec-15,957470937,831368237,126102700,17.5,45800332,6590878,1996-07-03,40600,34.64,17.02,6534382,24630000,0,951234990,825509287,125725702,20.86,48445809,24630000,0,24630000
(주)한섬,20000,Dec-16,1038024262,880343775,157680487,15.44,18001231,6590878,1996-07-03,34850,34.64,21.15,5482902,24630000,0,1031896636,874641650,157254987,15.43,54441946,24630000,0,24630000
(주)한섬,20000,Dec-17,1252267494,925470427,326797067,72.57,72763465,7689358,1996-07-03,31450,34.64,16.68,8971045,24630000,0,1169590763,920530184,249060579,7.83,44652829,24630000,0,24630000
(주)한섬,20000,Dec-18,1219779752,994316590,225463162,5.74,203689536,8787838,1996-07-03,36250,34.64,26.36,7732008,24630000,0,1151895016,985857091,166037925,0.1,157955819,24630000,0,24630000
(주)한섬,20000,Dec-19,1323644545,1045554282,278090262,-3.03,136406347,9886317,1996-07-03,31550,34.64,30.75,7947234,24630000,0,1322203768,1046723299,275480469,29.73,129920354,24630000,0,24630000
(주)한섬,20000,Dec-20,1438544149,1126032243,312511906,-5.07,149389203,9886317,1996-07-03,30250,34.64,27.89,7775160,24630000,0,1436575223,1126492408,310082815,20.13,151983168,24630000,0,24630000
(주)한섬,20000,Dec-21,1557084758,1240419894,316664864,0,172103397,13181756,1996-07-03,35600,34.64,28.46,10574800,24630000,0,1556094735,1244453466,311641269,15.9,180350765,24630000,0,24630000
(주)한화,880,Dec-10,14624386019,5106166226,9518219793,-51.78,-801296089,41447241,1976-06-24,46700,36.04,15.58,36209283,74958735,2396470,6044104039,2565007155,3479096884,11.87,167962063,74958735,2396470,74958735
(주)한화,880,Dec-11,15029730755,5058834878,9970895877,-15.8,661080178,31085431,1976-06-24,33150,36.14,19.02,34948702,74958735,2396470,6160599908,2574203714,3586396194,3.75,301334037,74958735,2396470,74958735
(주)한화,880,Dec-12,15865391957,5360349380,10505042577,-5.6,794630160,31085353,1976-06-24,34200,36.04,23.84,32461019,74958735,2396470,5947456857,2604141580,3343315277,-3.41,266248047,74958735,2396470,74958735
(주)한화,880,Dec-13,1.13323E+11,10775956137,1.02547E+11,236.65,6404166676,27631494,1976-06-24,39200,36.04,29.74,36875791,74958735,2396470,6276925506,2634230543,3642694962,1.89,317836045,74958735,2396470,74958735
(주)한화,880,Dec-14,1.23684E+11,12115238443,1.11569E+11,-3.27,4579017163,34539368,1976-06-24,31250,36.04,23.92,31450503,74958735,2396470,6588237592,2680877100,3907360492,-5.31,221915334,74958735,2396470,74958735
(주)한화,880,Dec-15,1.45622E+11,13645666382,1.31976E+11,10.46,9620650597,34539368,1976-06-24,39400,36.04,25.98,34641395,74958735,2396470,7588298851,2670200968,4918097884,0.83,2378719,74958735,2396470,74958735
(주)한화,880,Dec-16,1.54871E+11,14227936000,1.40643E+11,13.88,6097289000,41447241,1976-06-24,35050,36.05,24.51,51334946,74958735,114756470,7769210424,3109717162,4659493261,0.06,327002306,74958735,114756470,74958735
(주)한화,880,Dec-17,1.60195E+11,15964746000,1.4423E+11,6.97,5138487000,41447241,1976-06-24,41500,36.05,25.65,52742110,74958735,114756000,7479345461,3214383306,4264962155,-9.05,579104525,74958735,114756470,74958735
(주)한화,880,Dec-18,1.69549E+11,16953035000,1.52596E+11,-3.3,2749201000,48355114,1976-06-24,31350,36.06,21.14,37620828,74958735,114756000,7778276877,3392945229,4385331648,12.59,241291567,74958735,114756470,74958735
(주)한화,880,Dec-19,1.82286E+11,18263971000,1.64022E+11,3.43,2517921000,48355114,1976-06-24,25000,38.09,17.9,36076445,74958735,114756000,7931295046,3423948285,4507346761,-15.14,199411029,74958735,114756470,74958735
(주)한화,880,Dec-20,1.91178E+11,18507198000,1.72671E+11,1.02,3442933000,48229106,1976-06-24,28300,38.14,16.63,30617029,74958735,114756000,7362795242,3492463654,3870331588,-9.75,355615006,74958735,114756470,74958735
(주)한화,880,Dec-21,2.02366E+11,21047257000,1.81319E+11,3.75,7228121000,51515893,1976-06-24,31400,43.62,14.72,32820290,74958735,114756000,8129051078,3587323249,4541727829,-1.63,296427176,74958735,114756470,74958735
(주)현대백화점,69960,Dec-10,3916637735,2446952612,1469685123,-52.96,453109150,13577736,2002-11-25,139500,37.41,48.78,11875139,22711722,0,2922452156,1865393347,1057058809,-1.46,281757284,22711722,0,23402441
(주)현대백화점,69960,Dec-11,4720062645,2892392873,1827669772,13.26,346923214,14973000,2002-11-25,163000,36.2,43.71,11094366,23402441,0,3522921492,2175106716,1347814776,16.13,167713217,23402441,0,23402441
(주)현대백화점,69960,Dec-12,5400075749,3236535946,2163539803,5.62,431781104,14973000,2002-11-25,159000,36.16,36.97,10664170,23402441,0,3891127052,2380738569,1510388483,6.91,258974506,23402441,0,23402441
(주)현대백화점,69960,Dec-13,5600706253,3546101814,2054604439,0.91,346347475,14972871,2002-11-25,161000,36.15,41.64,10872333,23402441,0,4124105321,2667259879,1456845442,9.81,254712191,23402441,0,23402441
(주)현대백화점,69960,Dec-14,5683921344,3788972215,1894949129,1.18,398515539,16124630,2002-11-25,123000,36.08,34.04,11855289,23402441,0,4068306401,2858596178,1209710223,-0.51,297328116,23402441,0,23402441
(주)현대백화점,69960,Dec-15,6160846844,4030879875,2129966969,6.77,401136225,15953830,2002-11-25,126500,36.08,33.76,11525870,23402441,0,4585422226,3010159247,1575262979,8.48,151594139,23402441,0,23402441
(주)현대백화점,69960,Dec-16,6587262226,4310593745,2276668481,10.55,442017130,15904830,2002-11-25,109000,36.08,34.45,10537738,23402441,0,4919581474,3204357346,1715224128,12.71,315446579,23402441,0,23402441
(주)현대백화점,69960,Dec-17,6777281518,4617729285,2159552233,0.89,437234382,18045749,2002-11-25,104500,36.08,25.42,11691849,23402441,0,4941793010,3400299719,1541493291,0.43,292391666,23402441,0,23402441
(주)현대백화점,69960,Dec-18,6988562089,4829092429,2159469660,0.76,435324558,20301467,2002-11-25,90400,36.08,30.26,11909202,23402441,0,5313725929,3714788674,1598937255,-0.03,504307080,23402441,0,23402441
(주)현대백화점,69960,Dec-19,7623094297,4979286423,2643807874,18.08,377485321,22323186,2002-11-25,83100,36.08,29.13,11894605,23402441,0,5795560155,3831705742,1963854413,0.67,358548559,23402441,0,23402441
(주)현대백화점,69960,Dec-20,8707032548,5032291555,3674740993,3.37,259368187,22089186,2002-11-25,71400,36.08,13.65,11911170,23402441,0,6435678005,3889472232,2546205773,-10.12,261738099,23402441,0,23402441
(주)현대백화점,69960,Dec-21,8969196456,5225628071,3743568385,57.16,500164435,24040705,2002-11-25,75100,36.08,17.98,11176425,23402441,0,6661268373,4006820931,2654447442,21.44,409047057,23402441,0,23402441
고려산업(주),2140,Dec-10,119380626,51833580,67547046,0,-1891426,473789,1991-01-14,3375,51.6,0,1444846,4987885,0,118177636,50630590,67547046,5.05,-1898945,4987885,0,24939425
고려산업(주),2140,Dec-11,124894379,56065197,68829182,0,4450090,724000,1991-01-14,3415,53.4,0.03,1357906,4987885,0,123414609,54585428,68829182,12.9,4447020,4987885,0,24939425
고려산업(주),2140,Dec-12,148320365,62084126,86236239,8.05,-8456112,724000,1991-01-14,5490,53.4,0.29,1377327,4987885,0,143910173,58448211,85461962,5.73,-8341558,4987885,0,24939425
고려산업(주),2140,Dec-13,148377505,66536454,81841051,5.9,4484188,603486,1991-01-14,1150,53.4,0.15,7601615,24939425,0,142727158,61669406,81057752,6.49,4380171,24939425,0,24939425
고려산업(주),2140,Dec-14,156033056,76117815,79915241,-8.55,16939311,1086274,1991-01-14,1940,53.4,2.08,9385545,24939425,0,148009044,68909172,79099872,-9.17,16915213,24939425,0,24939425
고려산업(주),2140,Dec-15,159959339,79342019,80617321,0.18,9550784,724183,1991-01-14,2055,53.4,1.18,9362512,24939425,0,145460494,71846973,73613521,0.46,8483940,24939425,0,24939425
고려산업(주),2140,Dec-16,167843756,85020283,82823473,-7.09,15777188,724183,1991-01-14,6670,51.2,0.93,11035818,24939425,0,146939216,75608973,71330243,-8.99,18606619,24939425,0,24939425
고려산업(주),2140,Dec-17,183124063,88758115,94365948,1.3,1003574,863500,1991-01-14,2690,47.4,1.4,11569214,24939425,0,169236176,82574771,86661405,1.58,3319686,24939425,0,24939425
고려산업(주),2140,Dec-18,213622767,92389590,121233176,-9.22,-5720631,740143,1991-01-14,2170,47.4,2.13,11351780,24939425,0,198356340,85102462,113253878,-10.04,-8369491,24939425,0,24939425
고려산업(주),2140,Dec-19,206489850,95822999,110666851,21.48,10447484,740143,1991-01-14,3360,47.4,6.18,10870270,24939425,0,191884060,88403751,103480309,23.28,9745722,24939425,0,24939425
고려산업(주),2140,Dec-20,216577001,102639222,113937779,-1.01,-3095279,863500,1991-01-14,4900,47.4,1.04,11824440,24939425,0,200216838,93835047,106381790,-1.21,-5291764,24939425,0,24939425
고려산업(주),2140,Dec-21,238594901,106840607,131754294,12.06,14794040,986857,1991-01-14,2910,47.4,1.75,12228326,24939425,0,221301230,95868761,125432469,10.64,15489675,24939425,0,24939425
금강철강(주),53260,Dec-10,104301321,75372858,28928464,0,-5833932,1693002,2002-01-04,2350,53.23,0.34,5353758,18720000,0,104755388,75826924,28928464,29.99,-5833932,18720000,0,18720000
금강철강(주),53260,Dec-11,125756658,82945701,42810957,14.4,7034980,1735000,2002-01-04,2645,53.23,0.95,4128844,18720000,0,122669550,84030125,38639425,14.16,7150681,18720000,0,18720000
금강철강(주),53260,Dec-12,128350997,90698417,37652580,-11.49,9752237,1759000,2002-01-04,2365,53.23,0.07,5911978,18720000,0,126557029,90609580,35947449,-11.38,9758574,18720000,0,18720000
금강철강(주),53260,Dec-13,130946263,95973215,34973048,-3.77,12348039,1751281,2002-01-04,2550,53.23,0.24,5500102,18720000,0,128596873,95299892,33296981,-3.78,12272833,18720000,0,18720000
금강철강(주),53260,Dec-14,127849883,99911939,27937945,-18.72,17008188,1751281,2002-01-04,2800,53.23,0.12,6330356,18720000,0,125689698,99415357,26274341,-18.82,16869580,18720000,0,18720000
금강철강(주),53260,Dec-15,131914340,104704227,27210113,-20.48,5386660,1749781,2002-01-04,4300,53.23,1.2,6154815,18720000,0,129095915,103730367,25365548,-20.58,6365371,18720000,0,18720000
금강철강(주),53260,Dec-16,134873993,108918749,25955244,2.01,8171671,1760068,2002-01-04,5350,53.23,1.06,6599792,18720000,0,132280164,108152968,24127195,1.96,7971029,18720000,0,18720000
금강철강(주),53260,Dec-17,129983802,107467707,22516096,21.2,-7321577,1720051,2002-01-04,3675,53.31,1.92,5760533,18720000,0,127517778,106739862,20777916,21.23,-6999852,18720000,0,18720000
금강철강(주),53260,Dec-18,133399433,109046913,24352520,-1.1,15230573,1671130,2002-01-04,3810,53.31,1.91,5694421,18720000,0,129772388,107392346,22380042,-1.27,15825621,18720000,0,18720000
금강철강(주),53260,Dec-19,136604950,110072771,26532179,-12.16,4950039,1656884,2002-01-04,3555,53.31,2.18,5289780,18720000,0,133621542,108501637,25119905,-12.2,5508699,18720000,0,18720000
금강철강(주),53260,Dec-20,138737729,110829797,27907932,2.24,3105150,1620300,2002-01-04,3495,53.31,1.97,5151391,18720000,0,134650290,108301576,26348714,2.3,2763306,18720000,0,18720000
금강철강(주),53260,Dec-21,150912147,119599625,31312522,34.84,13629518,1944360,2002-01-04,5100,52.23,1.37,3724025,18720000,0,145728096,116227765,29500331,35.05,13338750,18720000,0,18720000
대상홀딩스(주),84690,Dec-10,553960726,397298795,156661931,-92.85,11232473,5431881,2005-08-17,3260,66.25,3.64,10574581,36212538,913482,378944673,359522200,19422473,67.54,3486284,36212538,913482,36212538
대상홀딩스(주),84690,Dec-11,576988559,415120197,161868363,140.74,13813276,5431880,2005-08-17,3975,66.25,3.62,9537673,36212538,913482,390256195,364341007,25915188,21.45,4809369,36212538,913482,36212538
대상홀딩스(주),84690,Dec-12,603349879,440238583,163111296,16.47,26657481,4345504,2005-08-17,6400,67.77,3.61,8708156,36212538,913482,388207908,367197734,21010174,1.64,3549205,36212538,913482,36212538
대상홀딩스(주),84690,Dec-13,2089472920,896205761,1193267159,761.39,198753280,4345505,2005-08-17,8320,68.21,3.78,9984046,36212538,913482,388742576,367650821,21091755,19.9,7056261,36212538,913482,36212538
대상홀딩스(주),84690,Dec-14,2180120102,968957717,1211162384,4.12,183223903,6156131,2005-08-17,16800,66.55,5.64,8915563,36212538,913482,400115638,379741011,20374626,114.22,16492352,36212538,913482,36212538
대상홀딩스(주),84690,Dec-15,2480427275,998043059,1482384216,3.13,116454892,6156131,2005-08-17,19150,66.53,4.56,8138777,36212538,913482,404102642,380555716,23546926,-27.46,9137370,36212538,913482,36212538
대상홀딩스(주),84690,Dec-16,2689293818,1050229459,1639064360,8.73,78200218,6156131,2005-08-17,10300,66.53,4.97,9365802,36212538,913482,403285634,381777034,21508600,13.39,10774081,36212538,913482,36212538
대상홀딩스(주),84690,Dec-17,2651135199,1073261266,1577873933,1.98,185335464,6518257,2005-08-17,9950,66.53,5.29,10187118,36212538,913482,405777950,387142565,18635385,7.66,11078790,36212538,913482,36212538
대상홀딩스(주),84690,Dec-18,2629588765,1094779716,1534809049,0.42,142677579,6880382,2005-08-17,7860,66.9,5.39,9461345,36212538,913482,410727591,390856625,19870966,13.38,14351256,36212538,913482,36212538
대상홀딩스(주),84690,Dec-19,2896302562,1209302820,1686999742,4.55,198064096,7242508,2005-08-17,6740,67.3,4.95,9413401,36212538,913482,405973675,384939020,21034655,45.74,20146481,36212538,913482,36212538
대상홀딩스(주),84690,Dec-20,3060158355,1325982098,1734176256,5.68,144251558,7966758,2005-08-17,10200,67.3,5.82,11018182,36212538,913482,397945889,380712822,17233067,-12.87,14784511,36212538,913482,36212538
대상홀딩스(주),84690,Dec-21,3626092434,1491136537,2134955897,12.03,23259927,8691009,2005-08-17,9700,67.3,4,11272534,36212538,913482,489025555,372459519,116566036,7.16,10547214,36212538,913482,36212538
대정화금(주),120240,Dec-10,,,,,,2463182,2010-12-20,12800,53.4,1.19,2062198,,,64030764,48613051,15417713,20.49,4647603,5537272,0,7190391
대정화금(주),120240,Dec-11,,,,,,2317000,2010-12-20,13650,52.73,0.38,2203469,,,70646746,54573786,16072960,25.46,6053432,5793026,0,7190391
대정화금(주),120240,Dec-12,,,,,,1585000,2010-12-20,9330,52.73,0.94,2609409,,,68188733,56035661,12153072,-1.53,6351821,5793026,0,7190391
대정화금(주),120240,Dec-13,,,,,,1448257,2010-12-20,10250,52.73,0.75,2716359,,,89439265,65837472,23601793,4.24,6069119,5793026,0,7190391
대정화금(주),120240,Dec-14,,,,,,1448257,2010-12-20,9590,52.73,0.52,,,,98651066,71100842,27550224,5.03,5924074,5793026,0,7190391
대정화금(주),120240,Dec-15,,,,,,1512182,2010-12-20,13000,50.91,0.54,,,,100213685,79937663,20276021,-4.44,11683489,6048727,0,7190391
대정화금(주),120240,Dec-16,,,,,,1512182,2010-12-20,12650,50.92,1.05,2887241,,,112213891,86125398,26088493,5.28,7432678,6048727,0,7190391
대정화금(주),120240,Dec-17,,,,,,1674580,2010-12-20,12300,50.49,1.22,2751400,,,112265502,98221395,14044107,9.11,8881111,6202147,0,7190391
대정화금(주),120240,Dec-18,,,,,,2130117,2010-12-20,12850,52.02,1.87,3026919,,,128672395,114495699,14176696,11.03,8923089,7100391,0,7190391
대정화금(주),120240,Dec-19,,,,,,2130117,2010-12-20,14950,52.02,3.9,3003671,,,151327494,121258074,30069420,7.82,10766523,7100391,0,7190391
대정화금(주),120240,Dec-20,,,,,,2135457,2010-12-20,37900,51.76,0.62,3192670,,,161004379,127969337,33035042,0.73,8986317,7135391,0,7190391
대정화금(주),120240,Dec-21,,,,,,2151957,2010-12-20,21700,51.37,0.76,3332926,,,162970779,135063064,27907715,10.9,9464957,7190391,0,7190391
대한제당(주),1790,Dec-10,1537242552,402959083,1134283469,0.87,54619894,3444460,1968-12-17,60600,46.87,2.23,1475459,3754360,1620690,934679057,414482430,520196627,5.03,22297091,3754360,1620690,89696580
대한제당(주),1790,Dec-11,1595832317,413244487,1182587830,6.76,2617464,2496154,1968-12-17,23950,49.54,4.43,2497497,7508720,1620690,1020285652,411808646,608477006,6.54,-21263131,7508720,1620690,89696580
대한제당(주),1790,Dec-12,1620715653,434194171,1186521482,5.48,-27344396,4210229,1968-12-17,25950,49.17,3.63,2406492,7508720,1620690,996785392,431589432,565195960,6.35,11435533,7508720,1620690,89696580
대한제당(주),1790,Dec-13,1570047610,443985663,1126061947,-8.2,105713482,3328205,1968-12-17,28350,48.85,4.19,1528002,7508720,1620690,990983546,437846668,553136878,-9.99,26478264,7508720,1620690,89696580
대한제당(주),1790,Dec-14,1561333927,447508077,1113825850,-3.15,-12338169,4393231,1968-12-17,24950,49.4,4.77,2132820,8840002,1944830,1012993999,435979245,577014754,-2.7,-44806943,8840002,1944830,89696580
대한제당(주),1790,Dec-15,1541681141,424866808,1116814333,-1.15,-7328788,3594461,1968-12-17,20150,48.96,3.34,2240116,8840002,1944830,1003032363,419345911,583686452,-2.69,28804313,8840002,1944830,89696580
대한제당(주),1790,Dec-16,1210586736,449825749,760760987,-4.97,86912335,5367500,1968-12-17,24000,49.31,2.68,2216330,8840002,1944830,1035408719,457229005,578179714,1.49,30318632,8840002,1944830,89696580
대한제당(주),1790,Dec-17,1152870713,451782278,701088435,0.81,10536903,4541731,1968-12-17,24500,49.08,2.67,2038585,8840002,1944830,994798047,457646743,537151304,0.81,2409098,8840002,1944830,89696580
대한제당(주),1790,Dec-18,1135447475,451970433,683477042,-5.06,12613990,4541731,1968-12-17,19000,49.18,2.33,2146467,8840002,1944830,983277597,454763069,528514528,-4.17,12204702,8840002,1944830,89696580
대한제당(주),1790,Dec-19,1143146276,464321365,678824911,-0.47,8509710,5668442,1968-12-17,19950,49.13,1.83,1938339,8840002,1944830,994430650,466193790,528236860,0.56,-2798762,8840002,1944830,89696580
대한제당(주),1790,Dec-20,1146241857,478569356,667672501,0.84,64757973,7455883,1968-12-17,22950,48.41,1.9,2048507,8969658,1620690,998421173,474991711,523429462,0.29,56861374,8969658,1620690,89696580
대한제당(주),1790,Dec-21,1182290229,511199010,671091219,0,-11839308,9866624,1968-12-17,3020,48.38,2.4,28440225,89696580,3241380,1032018133,498376467,533641666,4.05,-22968000,89696580,3241380,89696580
대한제분(주),1130,Dec-10,792870935,547076634,245794301,1.22,48265771,5338918,1970-11-25,181000,35.82,13.01,710747,1690000,0,635186581,538960650,96225931,-7.45,36243776,1690000,0,1690000
대한제분(주),1130,Dec-11,845150369,558821975,286328394,3.41,7712144,5339000,1970-11-25,169000,35.82,12.21,663809,1690000,0,663321728,548233989,115087739,2.3,9563824,1690000,0,1690000
대한제분(주),1130,Dec-12,899689781,603492180,296197601,18.4,20664453,4107000,1970-11-25,139000,36.7,8.23,818261,1690000,0,709754123,584708694,125045429,8.56,21922516,1690000,0,1690000
대한제분(주),1130,Dec-13,897265128,607351973,289913155,-2.84,60212350,3285488,1970-11-25,153500,36.82,8.9,817177,1690000,0,714183751,584370571,129813181,-3.31,22061147,1690000,0,1690000
대한제분(주),1130,Dec-14,900381934,624697233,275684701,0.57,71566460,4106860,1970-11-25,155500,39.43,14.89,801917,1690000,0,735231904,589954914,145276990,-0.78,39374607,1690000,0,1690000
대한제분(주),1130,Dec-15,895425738,656916662,238509075,-5.04,53616382,3285488,1970-11-25,184000,41.58,15.55,734391,1690000,0,736917223,611023482,125893741,-6.46,34197330,1690000,0,1690000
대한제분(주),1130,Dec-16,867495382,661897108,205598274,-2.22,86171246,3285488,1970-11-25,180000,41.03,12.62,701259,1690000,0,687450035,612459098,74990937,-11.24,43126693,1690000,0,1690000
대한제분(주),1130,Dec-17,873461795,710408210,163053585,0.41,43364428,3290448,1970-11-25,166500,41.9,13.41,677647,1690000,0,689594455,623437263,66157192,-5.29,16764830,1690000,0,1690000
대한제분(주),1130,Dec-18,919690199,749005259,170684939,6.63,12634599,4113060,1970-11-25,176000,41.9,13.55,609173,1690000,0,707393585,645624790,61768795,6.55,30096136,1690000,0,1690000
대한제분(주),1130,Dec-19,1005108274,759848294,245259980,8.01,3331984,3290448,1970-11-25,147500,41.76,13.73,578182,1690000,0,685170226,644151972,41018254,4.54,-9302813,1690000,0,1690000
대한제분(주),1130,Dec-20,1084880808,780799362,304081446,3.9,47687236,3290448,1970-11-25,166000,42.59,10.47,606525,1690000,0,721607213,650407366,71199847,-2.02,19036357,1690000,0,1690000
대한제분(주),1130,Dec-21,1321597381,880617517,440979864,14.54,28657927,4113060,1970-11-25,154500,42.43,8.13,714850,1690000,0,892599472,739707381,152892091,11.55,11771978,1690000,0,1690000
세방전지(주),4490,Dec-10,,,,,,4200000,1987-11-28,32800,44.74,25.5,4182648,,,593934630,392408148,201526482,25.99,111986956,14000000,0,14000000
세방전지(주),4490,Dec-11,,,,,,4900000,1987-11-28,43950,44.74,26.91,3988759,,,712634498,490419192,222215306,20.71,82962269,14000000,0,14000000
세방전지(주),4490,Dec-12,,,,,,4900000,1987-11-28,47150,41.42,26.32,4418979,,,772556142,585523351,187032791,-11.27,145854815,14000000,0,14000000
세방전지(주),4490,Dec-13,,,,,,4200000,1987-11-28,54800,41.42,25.22,3352230,,,870157611,648042636,222114976,8.56,56648993,14000000,0,14000000
세방전지(주),4490,Dec-14,,,,,,4168312,1987-11-28,39500,41.48,28.82,4295692,,,927725912,699002698,228723214,4,76015357,14000000,0,14000000
세방전지(주),4490,Dec-15,1001384893,768069528,233315365,0,67799586,4810112,1987-11-28,40850,41.5,34.1,4415643,14000000,0,993659178,767141926,226517252,0.07,71857692,14000000,0,14000000
세방전지(주),4490,Dec-16,1086480434,826509751,259970683,0.37,79426030,4810112,1987-11-28,37400,41.5,36.52,4537064,14000000,0,1073297242,828571847,244725394,0.29,92433538,14000000,0,14000000
세방전지(주),4490,Dec-17,1145352882,890163291,255189592,15.76,83221265,5497271,1987-11-28,35750,41.48,36.64,3588458,14000000,0,1133087030,892003697,241083333,15.56,80425253,14000000,0,14000000
세방전지(주),4490,Dec-18,1267930429,982433138,285497291,6.28,148940078,6872188,1987-11-28,35950,41.49,36.21,3647046,14000000,0,1252080071,982386380,269693691,5.19,151285491,14000000,0,14000000
세방전지(주),4490,Dec-19,1510688833,1054689601,455999231,-3.55,54566525,6872188,1987-11-28,37300,41.48,37.73,3731419,14000000,0,1302078781,1052381546,249697235,-3.08,66093258,14000000,0,14000000
세방전지(주),4490,Dec-20,1514339389,1136178543,378160846,9.99,185196946,6701015,1987-11-28,68900,41.54,27.53,4089786,14000000,0,1336484562,1100891034,235593528,-4.67,144936545,14000000,0,14000000
세방전지(주),4490,Dec-21,1684408564,1211999100,472409464,7.92,11592198,8043666,1987-11-28,75900,41.55,26.11,3976003,14000000,0,1477894480,1181103369,296791111,15.5,-2291142,14000000,0,14000000
에스케이텔레콤(주),17670,Dec-10,23132389080,12407999270,10724389810,6.62,4343404901,669542991,1989-11-07,173500,23.23,49,22610527,80745711,0,19727126311,11580957650,8146168661,3.42,4071157783,80745711,0,218833144
에스케이텔레콤(주),17670,Dec-11,24366036429,12732709047,11633327382,2.71,6306394700,656533000,1989-11-07,141500,25.22,40.96,24843976,80745711,0,20520527405,11966301712,8554225693,0.29,6034056934,80745711,0,218833144
에스케이텔레콤(주),17670,Dec-12,25595559623,12854782317,12740777306,2.27,3999664146,655133000,1989-11-07,152500,25.22,44.14,25939500,80745711,0,22249502341,12377048253,9872454088,-1.74,3161516312,80745711,0,218833144
에스케이텔레콤(주),17670,Dec-13,26576515239,14166557348,12409957891,1.85,3558570670,666374000,1989-11-07,230000,25.22,48.01,30867631,80745711,0,22827419888,13315408252,9512011636,4.28,3022473430,80745711,0,218833144
에스케이텔레콤(주),17670,Dec-14,27941233000,15248270000,12692963000,3.38,3677385000,666801558,1989-11-07,268000,25.23,43.47,32509480,80745711,0,22712462000,13542221000,9170241000,1.18,3221433000,80745711,0,218833144
에스케이텔레콤(주),17670,Dec-15,28581387000,15374096000,13207291000,-0.16,3778129000,708111600,1989-11-07,215500,25.22,39.38,33220219,80745711,0,23146940000,13779460000,9367480000,-3.5,2947129000,80745711,0,218833144
에스케이텔레콤(주),17670,Dec-16,31297663000,16116430000,15181233000,-0.26,4243168000,706091600,1989-11-07,224000,25.22,40.78,34275422,80745711,0,25448574000,14256954000,11191620000,-1.64,3575572000,80745711,0,218833144
에스케이텔레콤(주),17670,Dec-17,33428669000,18029195000,15399474000,2.51,3855820000,706091600,1989-11-07,267000,25.22,41.43,33953935,80745711,0,25557522000,15007391000,10550131000,0.95,3257470000,80745711,0,218833144
에스케이텔레콤(주),17670,Dec-18,42369111000,22349250000,20019861000,-3.69,4332580000,717437612,1989-11-07,269500,26.78,41.83,33196466,80745711,0,28848023000,16887487000,11960536000,-6.11,3965028000,80745711,0,218833144
에스케이텔레콤(주),17670,Dec-19,44611620000,22823536000,21788084000,5.15,3986082000,730097860,1989-11-07,238000,26.78,37.19,33249477,80745711,0,30839367000,17389739000,13449628000,-2.47,3115408000,80745711,0,218833144
에스케이텔레콤(주),17670,Dec-20,47906957000,24396243000,23510714000,4.96,5821876000,715080825,1989-11-07,238000,26.78,33.94,31513010,80745711,0,31986451000,17349858000,14636593000,2.89,4387809000,80745711,0,218833144
에스케이텔레콤(주),17670,Dec-21,30911277000,12335138000,18576139000,0,5031279000,716989587,1989-11-07,57900,30.02,44.56,112345220,218833144,0,26389065000,10862856000,15526209000,3.03,3919829000,218833144,0,218833144
태경산업(주),15890,Dec-10,384414747,240570827,143843919,15.48,34167794,4384313,1996-01-30,4680,61.48,2.47,7107304,29228750,0,219529073,148066320,71462753,17.46,22600328,29228750,0,29228750
태경산업(주),15890,Dec-11,422190911,259871985,162318926,19.5,32449599,4384000,1996-01-30,3165,61.52,2.34,8819471,29228750,0,220017265,151494669,68522596,15.35,7070857,29228750,0,29228750
태경산업(주),15890,Dec-12,428780317,276031969,152748348,1.62,30065522,4384000,1996-01-30,3340,61.69,2.02,8515938,29228750,0,205551175,157948657,47602518,5.63,13457562,29228750,0,29228750
태경산업(주),15890,Dec-13,435097316,281670392,153426924,9.58,34314722,4384312,1996-01-30,4880,61.69,7.8,7163129,29228750,0,204424534,157718810,46705724,6.71,6044512,29228750,0,29228750
태경산업(주),15890,Dec-14,431307721,270088529,161219192,-8.56,24053636,4384313,1996-01-30,5800,61.69,6.69,6392036,29228750,0,201149673,157691074,43458599,-14.42,5697801,29228750,0,29228750
태경산업(주),15890,Dec-15,467026320,257359685,209666635,-13.2,23114076,5261175,1996-01-30,5780,61.69,4.98,5524349,29228750,0,199441102,145673753,53767349,-22.43,10378682,29228750,0,29228750
태경산업(주),15890,Dec-16,498398107,262584017,235814090,25.67,17418271,5845750,1996-01-30,4810,61.95,4.21,5669719,29228750,0,189550262,147392865,42157397,27.12,22843403,29228750,0,29228750
태경산업(주),15890,Dec-17,474559999,263417998,211142001,26.77,39875269,5845750,1996-01-30,5200,61.94,3.46,5834837,29228750,0,189742689,149061390,40681299,28.97,11623731,29228750,0,29228750
태경산업(주),15890,Dec-18,542740904,310319252,232421652,-0.05,18276637,6365828,1996-01-30,5580,63.47,5.13,5181618,29228750,0,195862588,154708304,41154284,-4.69,13150589,29228750,0,29228750
태경산업(주),15890,Dec-19,561358060,343200741,218157319,-7.79,59780169,10686738,1996-01-30,5710,63.74,3.85,6180649,29228750,0,206941396,173552125,33389271,-13.13,5193511,29228750,0,29228750
태경산업(주),15890,Dec-20,541292144,345601972,195690172,-17.12,26642658,6844000,1996-01-30,5890,63.54,3.41,6217160,29228750,0,186528100,168653476,17874625,-25.92,-6073194,29228750,0,29228750
태경산업(주),15890,Dec-21,584726246,385478595,199247651,20,61684300,7625616,1996-01-30,6700,61.97,2.51,8837039,29228750,0,203387845,173893371,29494474,27.25,21173022,29228750,0,29228750
태경케미컬(주),6890,Dec-10,85655196,72076432,13578764,0,11372215,1740000,2003-01-28,4465,57.43,1.42,3726923,11600000,0,84783249,71754617,13028632,-0.69,11049136,11600000,0,11600000
태경케미컬(주),6890,Dec-11,84348411,71313721,13034690,34.69,7202510,1740000,2003-01-28,3285,57.43,0.51,3992186,11600000,0,82971175,70386207,12584968,34.71,6651815,11600000,0,11600000
태경케미컬(주),6890,Dec-12,90176361,77327392,12848969,4.32,8920709,1740000,2003-01-28,4310,57.43,3.28,3799434,11600000,0,86173316,75608764,10564552,4.91,8255198,11600000,0,11600000
태경케미컬(주),6890,Dec-13,101276656,86582053,14694603,-7.07,9282497,1740000,2003-01-28,5520,57.43,3.88,3654012,11600000,0,98639441,86227613,12411828,-6.23,8527389,11600000,0,11600000
태경케미컬(주),6890,Dec-14,113103974,94664318,18439657,4,11142902,1740000,2003-01-28,5540,57.43,2.58,3926010,11600000,0,111557201,94515784,17041417,4.08,11013135,11600000,0,11600000
태경케미컬(주),6890,Dec-15,117932058,97714276,20217782,-5.66,4362723,1740000,2003-01-28,6430,57.43,1.08,3973117,11600000,0,117788563,97758951,20029612,-4.93,4110332,11600000,0,11600000
태경케미컬(주),6890,Dec-16,113086853,95634294,17452560,0.84,4768519,1740000,2003-01-28,5250,57.43,0.2,3860138,11600000,0,112684380,96408939,16275440,0.82,4949217,11600000,0,11600000
태경케미컬(주),6890,Dec-17,110660845,97456647,13204198,-4.77,6340579,1740000,2003-01-28,4565,57.43,0.35,3964460,11600000,0,110772064,98642106,12129957,-5.03,6260626,11600000,0,11600000
태경케미컬(주),6890,Dec-18,123194402,107995673,15198729,-2.96,4865881,1728514,2003-01-28,4640,57.43,1.38,4225666,11600000,0,122674220,108665375,14008844,-3.02,5130701,11600000,0,11600000
태경케미컬(주),6890,Dec-19,135621495,118491356,17130138,-11.82,33178255,1715316,2003-01-28,5250,59.11,4.02,3727867,11600000,0,127428211,112415458,15012754,-12.09,6762905,11600000,0,11600000
태경케미컬(주),6890,Dec-20,140679345,124202346,16477000,12.5,8776365,2266780,2003-01-28,14150,58.76,1.67,3828889,11600000,0,139826154,123758513,16067641,12.49,9145309,11600000,0,11600000
태경케미컬(주),6890,Dec-21,160745889,140983716,19762173,14.89,13387497,2493458,2003-01-28,12350,58.76,2.1,3650034,11600000,0,158006475,138982816,19023659,14.28,12999292,11600000,0,11600000
