,roa,cashflow,g,lvrg,주식수익률,시장가치대장부가치비율,주식수익률변동성,roa변동성,외국인지분율,dps,시가배당률,dy변화,price
0,1.92,0.051375141,19.61,0.542921834,-0.101361573,0.265360489,0.027951668,0.373229152,0.98,200,6.73,0.333114362,2970
1,0.9,-0.010534444,8.16,0.577845344,0.533670034,0.409487089,0.124570818,0.55148285,2.69,200,4.39,-0.360563478,4555
2,2.23,0.029788524,3.54,0.56390578,0.121844127,0.443550521,0.049627916,0.510294033,0.53,200,3.91,-0.093271443,5110
3,2.86,0.049129968,5.69,0.556690309,0.771037182,0.750954967,0.048862436,0.695868762,2.65,200,2.21,-0.425003005,9050
4,5.86,0.050456766,0.76,0.526611519,0.232044199,0.822974079,0.093275167,1.000616477,3.46,200,1.79,-0.140229341,11150
5,1.66,0.077911329,3.75,0.515487695,-0.233183857,0.619066293,0.048609062,1.93966492,3.68,200,2.34,0.179929211,8550
6,5.07,0.056329304,15.13,0.494726419,0.015204678,0.580993668,0.027597566,2.163330765,4.4,250,2.88,0.149864347,8680
7,2.12,0.023020402,11.48,0.493277581,-0.051843318,0.535155007,0.056812333,2.232046893,5.18,250,3.04,0.040409538,8230
8,3.06,0.094428979,5.32,0.486135973,-0.009720535,0.50599521,0.032814957,1.850324296,5.67,275,3.37,0.078518317,8150
9,2.78,0.059870652,-0.7,0.499201241,0.21595092,0.594070498,0.060849148,1.506994802,6.5,275,2.77,-0.147688008,9910
10,2.16,0.035441041,13.69,0.485583325,0.503531786,0.864370828,0.092158607,0.482631675,5.34,275,1.85,-0.279756007,14900
11,1.14,0.033070802,19.14,0.586634291,-0.267928287,0.37118728,0.052223494,2.526050936,1.46,50,1.36,0.165514438,3675
12,-0.24,0.038521534,-8.99,0.584441515,0.540136054,0.582906548,0.076352846,0.419563265,1.77,50,0.88,-0.227389842,5660
13,-0.17,0.059388451,9.07,0.608985641,0.060070671,0.630116977,0.033127821,0.692411246,1.85,50,0.83,-0.02695581,6000
14,0.78,-0.04170826,-1.84,0.674124836,0.641666667,1.014435381,0.051636604,0.777324471,1.88,60,0.61,-0.128081788,9850
15,0.51,0.022408239,-3.28,0.661300188,-0.069035533,0.93336001,0.047378021,0.569766034,1.82,50,0.55,-0.037979248,9170
16,-2.65,0.000521626,0.33,0.677542205,-0.220283533,0.788558116,0.037371368,0.489523578,1.65,40,0.56,0.00643089,7150
17,1.41,0.014567022,4.22,0.700396646,0.342657343,1.040625387,0.047285658,1.907153201,2.76,60,0.63,0.037740328,9600
18,0.19,0.0051097,7.32,0.718520493,-0.460416667,0.565102839,0.072869412,2.132260147,2.52,50,0.97,0.195607394,5180
19,0.38,0.089240964,27.21,0.729727613,0.096525097,0.610366433,0.057300132,2.08317066,4.39,60,1.06,0.04467244,5680
20,2.39,0.075488958,7.54,0.650272817,0.200704225,0.492923805,0.081734922,0.656429737,2.23,80,1.17,0.052021185,6820
21,3.15,-0.004658433,31.64,0.693881679,0.480938416,0.621020513,0.076406313,1.219029669,4,80,0.79,-0.192511548,10100
22,1.34,0.036340195,12.77,0.533044943,-0.175675676,0.324882044,0.016396468,2.653607607,34.14,3122,3.41,0.424333592,91500
23,1.37,0.137283311,15.24,0.580663642,0.360655738,0.433802448,0.037649222,3.698003966,25.7,3122,2.51,-0.227240718,124500
24,1.46,-0.048878682,5.87,0.565000764,0.020080321,0.430869519,0.030109111,1.440567018,25.63,3122,2.46,-0.014771317,127000
25,0.36,-0.016773294,2.64,0.639823816,0.094488189,0.427595985,0.039165115,0.06244998,25.54,2081,1.50,-0.319942935,139000
26,1.03,0.054749642,-2.31,0.619292062,-0.262589928,0.308098338,0.037557517,0.610764548,22.32,2602,2.54,0.343473432,102500
27,0.55,0.089393985,-16.48,0.630643033,-0.009756098,0.301972162,0.030733946,0.554346462,23.09,2602,2.56,0.005797118,101500
28,0.14,0.027065865,7.57,0.633983576,0.113300493,0.337963612,0.026788323,0.3453018,23.14,3122,2.76,0.053458579,113000
29,0.72,0.033794578,4.95,0.630124804,-0.194690265,0.269679077,0.031604444,0.445458565,22.98,3122,3.43,0.163887855,91000
30,0.95,0.0810406,0.1,0.643961701,-0.071428571,0.245988451,0.021035296,0.29816103,20.25,3122,3.69,0.05651221,84500
31,0.7,0.025977279,-7.16,0.639681861,-0.036686391,0.237328632,0.046036037,0.417412666,16.72,3000,3.69,0.030305349,81400
32,1.75,0.080298494,17.1,0.656060453,0.115479115,0.252166773,0.026705984,0.13892444,20.41,3000,3.30,-0.08681756,90800
33,4.67,0.018672337,14.82,0.599114921,-0.227176221,0.898974171,0.043550573,2.257993209,0.2,50,2.76,0.183922838,1809
34,4.94,0.159499269,-1.81,0.557760057,-0.06043956,0.772746213,0.045645602,2.209917042,0.58,50,2.94,0.044335814,1700
35,5.03,0.167266916,15.18,0.552945237,0.084795322,0.76597385,0.023707238,0.158850034,0.23,50,2.71,-0.057758834,1844
36,3.28,0.120776946,4.33,0.571168022,0.25606469,0.912987723,0.067166515,0.18734994,1.58,50,2.16,-0.160930367,2316
37,4.11,0.172558875,-6.34,0.556238037,0.135193133,0.959280582,0.044989805,0.985410236,1.57,50,1.90,-0.086145951,2629
38,5.33,0.12247667,-3.57,0.580947878,0.185255198,1.026067646,0.030236108,0.875385629,1.9,50,1.60,-0.109598626,3116
39,4.79,0.096874651,31.73,0.609581029,-0.06539075,0.848828391,0.05136724,1.03116439,1.67,50,1.72,0.045290759,2912
40,4.12,0.128845598,0.09,0.564185823,-0.225255973,0.610751424,0.044506688,0.611337332,1.31,50,2.20,0.166202175,2270
41,2.55,0.055468128,-1.66,0.571334686,-0.026431718,0.57001631,0.039978614,0.606162794,2.53,50,2.26,0.018576386,2210
42,4.44,0.118855907,29.92,0.577417738,0.160633484,0.604078558,0.066609707,1.149739101,2.42,50,1.95,-0.099922025,2565
43,7.02,0.082100356,28.89,0.584078321,0.315789474,0.680460723,0.087576992,1.011549966,4.08,75,2.22,0.087576189,3375
44,1.29,-0.013465785,19.23,0.720213139,-0.286384977,0.87836989,0.0550203,1.072893285,12.94,1250,1.64,0.308090944,76000
45,2.13,0.036054103,-3.81,0.713499931,0.240789474,1.050569145,0.035648225,1.508785383,12.54,1250,1.33,-0.12491065,94300
46,1.64,0.049798737,-3.67,0.699491346,-0.142099682,0.866264956,0.033594137,1.051681194,16.78,1250,1.55,0.090225092,80900
47,0.85,0.039588223,-4.88,0.706544308,-0.328800989,0.576457827,0.032575877,0.421939964,20.04,1250,2.30,0.257829109,54300
48,-0.73,0.046966291,-8.14,0.701098116,-0.256906077,0.439895178,0.053887558,0.645832796,10.94,1250,3.10,0.217064505,40350
49,2.2,0.083179622,-3.78,0.664858788,0.469640644,0.586582208,0.043303226,1.206744933,20.74,1250,2.11,-0.276364248,59300
50,3.71,0.023793805,-1.1,0.636021004,0.222596965,0.642739344,0.036158104,1.466503779,19.36,1250,1.72,-0.133990846,72500
51,4.76,0.004753248,6.25,0.584418939,-0.322758621,0.362655864,0.045486479,2.257528147,17.73,1250,2.55,0.266315723,49100
52,0.87,0.028218238,0.65,0.603166256,-0.026476578,0.360346777,0.045435448,1.286869587,13.78,1450,3.03,0.126818772,47800
53,1.74,0.060143562,2.63,0.61850178,0.493723849,0.5168214,0.088098204,2.012469461,11.85,1450,2.03,-0.285203756,71400
54,2.9,-0.010547921,25.32,0.62693907,-0.242296919,0.369834426,0.042343513,2.04162517,13.92,1450,2.68,0.194350133,54100
55,7.99,-0.052076401,0,0.296575541,0.288676236,1.431985027,0.065586305,7.416441195,21.21,411,1.02,-0.136040804,40400
56,4.77,0.148567952,1.89,0.275939937,-0.225247525,1.046305739,0.051727878,1.220874004,12.22,411,1.31,0.136040804,31300
57,5.19,0.133280168,1.33,0.29160563,0.076677316,1.076987982,0.034562329,2.570162122,27.81,411,1.22,-0.040273899,33700
58,6.02,0.073093509,-1.74,0.299367057,-0.112759644,0.889429205,0.031161695,1.750466604,38.01,514,1.72,0.198176929,29900
59,3.52,0.035021854,7.59,0.310063396,-0.096989967,0.775855969,0.035532246,0.636107957,30.87,514,1.90,0.065240522,27000
60,3.35,0.089365901,-2.66,0.334538371,-0.201851852,0.598867125,0.03003429,1.273302792,25.89,514,2.39,0.152645789,21550
61,4.41,0.074903908,4.76,0.308187707,0.452436195,0.829507305,0.035907176,1.494869002,37.57,514,1.64,-0.244453338,31300
62,5.01,0.075484308,6.53,0.283569837,-0.206070288,0.613989843,0.038491108,0.569297813,37.98,514,2.07,0.146428634,24850
63,3.41,0.063336271,8.5,0.42430072,-0.255533199,0.388734783,0.040527435,0.840555372,30.47,514,2.78,0.206392741,18500
64,1.17,0.123259688,-13.03,0.429540541,-0.205405405,0.303889934,0.055607072,0.808290377,22.96,500,3.40,0.173271721,14700
65,5.42,0.122323445,11.34,0.410355195,0.173469388,0.3366258,0.035026443,1.928868407,23.97,600,3.48,0.018018506,17250
66,8.3,-0.036565444,18.73,0.506605884,-0.07259426,0.708371543,0.040496139,4.11888739,5.8,566,1.50,-0.194394138,37852
67,0.5,0.117095087,-5.03,0.440348626,-0.252453567,0.533135033,0.04208003,3.614281856,6.04,559,1.98,0.180971118,28296
68,4.17,0.059615223,5.17,0.43885062,0.549779425,0.788643781,0.047679587,6.492305702,5.44,754,1.72,-0.095648075,43852
69,5.34,0.075271804,-1.87,0.363124588,-0.02871587,0.715002006,0.029159377,3.902260029,5.15,830,1.95,0.078611888,42593
70,7.59,-0.003423968,5.84,0.41436811,0.071462065,0.669093963,0.034519919,2.525318462,7.18,1120,2.45,0.15855921,45700
71,4.65,0.174741588,4.61,0.396494966,-0.021881838,0.629016247,0.043134338,1.738188712,7.75,1120,2.51,0.014556298,44700
72,3.8,-0.017060733,2.9,0.416530566,0.041387025,0.637152386,0.025577531,1.537432925,7.21,1120,2.41,-0.029327615,46550
73,3.23,0.049422381,6.77,0.410509417,-0.097744361,0.569664365,0.04600575,1.988726561,5.77,1120,2.67,0.074533052,42000
74,6.17,0.067346219,7.51,0.341429355,0.113095238,0.586335896,0.021713765,0.714586127,6,1222,2.61,-0.01390843,46750
75,6.99,0.140879201,1.75,0.302284103,0.03315508,0.549079943,0.049394957,1.559134375,11.53,1400,2.90,0.088410957,48300
76,13.54,0.090352524,0,0.263127824,1.080745342,0.899644868,0.077906997,1.977102257,14.52,1700,1.69,-0.37143536,100500
77,7.24,0.055079167,2.36,0.150176931,-0.26511976,1.274674878,0.048731059,0.807217443,35.01,202,0.99,0.225671998,20321
78,5.95,0.051586043,14.31,0.153139522,0.356844571,1.625380767,0.039406599,2.175224126,25.97,201,0.73,-0.140772554,27573
79,5.93,0.052694544,21.53,0.188724347,0.080884285,1.699599615,0.03795476,2.500819866,24.6,239,0.80,0.045462374,29805
80,5.81,0.058408048,7.83,0.21046616,-0.093548163,1.483005885,0.028616556,0.750621964,24.83,275,1.02,0.120249128,27016
81,7.21,0.067134492,10.93,0.274626794,0.607646338,2.230085181,0.055602987,0.075718778,32.18,314,0.72,-0.159914385,43432
82,8.21,0.036239619,17.02,0.268526448,-0.235666968,1.487882147,0.051675726,0.775972508,29,314,0.99,0.145025772,31797
83,5.3,0.060212348,10.71,0.233138394,0.145560544,1.591657251,0.037369115,1.205542755,23.79,332,0.91,-0.046043939,36512
84,2.73,0.042989789,3.87,0.240166804,-0.024166553,1.512707393,0.058901832,1.478524039,21.87,348,0.98,0.035993603,35683
85,1.71,0.031166358,-2.53,0.220673059,0.208048638,1.8327093,0.030614999,2.741757344,20.36,364,0.84,-0.067911206,43185
86,8.44,0.012045126,9.42,0.228542064,0.659233096,2.720909646,0.049472238,1.849927927,20.3,382,0.53,-0.189917904,71756
87,4.02,0.04018186,0,0.214270987,-0.135975958,2.245981499,0.03289643,3.627152235,16.89,400,0.64,0.069428506,62100
88,11.64,0.07226398,11.96,0.113432178,0.62295082,1.038842025,0.05185852,1.084865583,26.72,470,1.58,-0.177140198,29700
89,7.69,0.076245185,-2.45,0.130883317,-0.008417508,0.955162806,0.054528092,1.320050504,21.86,300,1.02,-0.244691888,29450
90,4.35,0.031689667,-5.15,0.206581271,0.071307301,0.977062663,0.038378362,2.174281491,18.86,300,0.95,-0.035268139,31550
91,3.55,0.006709918,11.49,0.213285126,0.031695721,0.972159032,0.037382335,3.649251065,14.67,300,0.92,-0.015504187,32550
92,7.27,0.047834694,17.5,0.13170425,0.247311828,1.202810308,0.041254467,2.196026715,17.02,300,0.74,-0.098440073,40600
93,5.66,0.017341892,15.44,0.151904588,-0.141625616,0.975022832,0.028839769,1.958094312,21.15,300,0.86,0.066691374,34850
94,4.7,0.058105253,72.57,0.26096369,-0.097560976,0.836994716,0.042064078,1.865591953,16.68,350,1.11,0.12611146,31450
95,6.02,0.166989129,5.74,0.184839069,0.152623211,0.897940496,0.043482213,1.298627481,26.36,400,1.10,-0.004750603,36250
96,6.7,0.1030537,-3.03,0.21009489,-0.129655172,0.743222706,0.045692602,0.682348884,30.75,450,1.43,0.145953913,31550
97,6.15,0.103847651,-5.07,0.217242482,-0.041204437,0.66166754,0.078168201,1.016923465,27.89,450,1.49,0.024391453,30250
98,7.16,0.110529324,0,0.203371054,0.176859504,0.706879928,0.046453199,0.360970913,28.46,600,1.69,0.077258483,35600
99,0.63,0.04398491,-15.8,0.663413109,-0.290145062,0.491429789,0.063270399,0.95294281,19.02,453,1.37,0.034486176,33150
100,2.06,0.050085721,-5.6,0.662132691,0.031660878,0.47846416,0.036677144,0.978723659,23.84,453,1.32,-0.017094433,34200
101,0.35,0.056674071,236.65,0.911504425,0.14620217,0.272739052,0.027782248,0.99761382,29.74,402,1.03,-0.138469674,39200
102,-0.14,0.036927581,-3.27,0.903225806,-0.202816458,0.193387143,0.046579331,0.917187731,23.92,503,1.61,0.252413934,31250
103,0.09,0.065894863,10.46,0.904109589,0.260830948,0.216470604,0.04831185,1.155003607,25.98,503,1.28,-0.135731614,39400
104,0.86,0.039337355,13.88,0.909677419,-0.085524943,0.186160055,0.041350847,0.245153013,24.51,603,1.72,0.177168803,35050
105,0.83,0.032115563,6.97,0.9,0.184022825,0.196264889,0.031521534,0.523736575,25.65,603,1.45,-0.10086061,41500
106,0.48,0.016171765,-3.3,0.9,-0.244578313,0.139560654,0.042735969,0.436157464,21.14,704,2.25,0.276394113,31350
107,0.13,0.013834725,3.43,0.901098901,-0.202551834,0.103253247,0.036037812,0.211266025,17.9,704,2.82,0.162518929,25000
108,0.4,0.018025812,1.02,0.905759162,0.132,0.115337157,0.078438616,0.35,16.63,702,2.48,-0.090846473,28300
109,1.1,0.035782772,3.75,0.896039604,0.109540636,0.112442342,0.041411096,0.183393929,14.72,750,2.39,-0.023324673,31400
110,9.14,0.073499701,13.26,0.387213298,0.168458781,1.318839397,0.055085081,0.231588716,43.71,685,0.42,-0.021202208,163000
111,7.2,0.07995826,5.62,0.40064962,-0.024539877,1.149680869,0.046511365,0.163707055,36.97,685,0.43,0.007117468,159000
112,6.14,0.061839838,0.91,0.366846346,0.012578616,1.062517414,0.032165812,1.062261738,41.64,685,0.43,-0.007117468,161000
113,5.16,0.07011288,1.18,0.333387873,-0.236024845,0.759705208,0.039526808,1.521359042,34.04,738,0.60,0.114603383,123000
114,4.73,0.065110496,6.77,0.345726645,0.028455285,0.734432379,0.044858406,1.020261404,33.76,730,0.58,-0.012820688,126500
115,5.04,0.0671018,10.55,0.345617146,-0.138339921,0.591767268,0.028515045,0.722657134,34.45,728,0.67,0.056441311,109000
116,4.52,0.064514673,0.89,0.318645533,-0.041284404,0.529601143,0.035854325,0.221885857,25.42,826,0.79,0.076283305,104500
117,4.18,0.062291087,0.76,0.30900071,-0.13492823,0.438090958,0.0423371,0.261597655,30.26,929,1.03,0.122167634,90400
118,3.33,0.049518634,18.08,0.346816055,-0.080752212,0.390566295,0.033249467,0.433128157,29.13,1021,1.23,0.09531018,83100
119,1.29,0.029788343,3.37,0.422042878,-0.140794224,0.332042527,0.054939283,0.612943717,13.65,1011,1.42,0.087011377,71400
120,2.64,0.055764617,57.16,0.417380591,0.051820728,0.336327547,0.035770644,1.485272141,17.98,1100,1.46,0.024692613,75100
121,3.5,0.035630935,0,0.551100789,0.01183432,0.303818201,0.072825317,7.589868247,0.03,29,4.25,0.30830136,683
122,5.69,-0.057012621,8.05,0.581420166,0.606725146,0.441070696,0.056052412,2.407633693,0.29,29,2.64,-0.368137151,1098
123,3.2,0.030221381,5.9,0.551571331,0.046405823,0.431046998,0.041245753,1.158461624,0.15,24,2.09,-0.162676646,1150
124,5.94,0.108562362,-8.55,0.512168842,0.686956522,0.635626292,0.087247733,1.359301291,2.08,44,2.27,0.046233195,1940
125,3.42,0.0597077,0.18,0.503987403,0.059278351,0.645944217,0.067517985,1.514936742,1.18,29,1.41,-0.299803433,2055
126,4.18,0.093999118,-7.09,0.493455071,2.245742092,1.956544472,0.172813663,1.52241037,0.93,29,0.43,-0.528597794,6670
127,2.89,0.005480298,1.3,0.515311745,-0.596701649,0.755841348,0.102329097,1.292645865,1.4,35,1.30,0.461345567,2690
128,1.87,-0.026779097,-9.22,0.567509117,-0.19330855,0.585764611,0.063180471,0.648408308,2.13,30,1.38,0.034191365,2170
129,2.25,0.050595593,21.48,0.535943629,0.548387097,0.874492229,0.102006695,1.157626883,6.18,30,0.89,-0.230523659,3360
130,3.2,-0.014291818,-1.01,0.526085411,0.458333333,1.190611585,0.121950591,0.515493291,1.04,35,0.71,-0.100083459,4900
131,1.99,0.06200482,12.06,0.552207716,-0.406122449,0.679268509,0.059823138,0.685054742,1.75,40,1.37,0.326396585,2910
132,7.7,0.055941061,14.4,0.340426036,0.125531915,0.596949563,0.080701592,1.345523442,0.95,107,4.05,-0.09569048,2645
133,6.66,0.075980997,-11.49,0.293356343,-0.105860113,0.488132003,0.034563016,0.902164065,0.07,109,4.61,0.089970732,2365
134,5.94,0.094298711,-3.77,0.267079926,0.078224101,0.497388777,0.018658819,0.847899365,0.24,108,4.24,-0.061102748,2550
135,4.53,0.133032366,-18.72,0.218521275,0.098039216,0.524621987,0.028364055,0.884835201,0.12,108,3.86,-0.073795326,2800
136,5.21,0.040834635,-20.48,0.206271609,0.535714286,0.768795844,0.07078789,1.083466658,1.2,108,2.51,-0.316540901,4300
137,4.23,0.060587445,2.01,0.192440678,0.244186047,0.919508993,0.060198689,0.705147739,1.06,109,2.04,-0.148660274,5350
138,2.25,-0.056326756,21.2,0.173222058,-0.313084112,0.640153348,0.036771598,0.502128802,1.92,106,2.88,0.259411639,3675
139,3.99,0.114173067,-1.1,0.182553992,0.036734694,0.654059259,0.046556555,1.507890359,1.91,103,2.70,-0.027249642,3810
140,3.25,0.036236148,-12.16,0.194225533,-0.066929134,0.604595132,0.028219347,1.080555413,2.18,102,2.87,0.051155163,3555
141,2.07,0.022381395,2.24,0.201155646,-0.016877637,0.590331138,0.037944201,0.873231546,1.97,100,2.86,0.013037994,3495
142,7.04,0.090314342,34.84,0.207488616,0.459227468,0.79826087,0.117257149,0.968366322,1.37,120,2.35,-0.141706838,5100
143,4.82,0.023940276,140.74,0.280539144,0.219325153,0.347519492,0.040213847,0.61991935,3.62,150,3.77,-0.160420293,3975
144,6.44,0.04418245,16.47,0.270342256,0.610062893,0.527536493,0.041228067,2.130070421,3.61,120,1.88,-0.504556011,6400
145,6.29,0.095121251,761.39,0.571087405,0.3,0.336525002,0.036456305,2.311622807,3.78,120,1.44,-0.165792255,8320
146,4.36,0.08404308,4.12,0.555547401,1.019230769,0.628453162,0.064729971,0.895153618,5.64,170,1.01,-0.193863317,16800
147,2.27,0.046949521,3.13,0.59763025,0.139880952,0.695466427,0.052865269,1.160014368,4.56,170,0.89,-0.061557893,19150
148,2.6,0.029078388,8.73,0.609476851,-0.462140992,0.355459135,0.0600872,2.01053061,4.97,170,1.65,0.337982811,10300
149,2.22,0.069907662,1.98,0.595166608,-0.033980583,0.336005896,0.033308966,1.123580586,5.29,180,1.81,0.058624843,9950
150,1.73,0.054258649,0.42,0.583668937,-0.210050251,0.260205925,0.029025184,0.206478409,5.39,190,2.42,0.196456068,7860
151,5,0.068385181,4.55,0.582467286,-0.142493639,0.201982149,0.031135362,0.436157464,4.95,200,2.97,0.149125544,6740
152,5.53,0.047138712,5.68,0.566695859,0.513353116,0.278754223,0.084632136,1.763585363,5.82,220,2.16,-0.228194067,10200
153,4.27,0.006414603,12.03,0.588777443,-0.049019608,0.235710219,0.044702615,2.058065435,4,240,2.47,0.093582566,9700
154,10.12,0.085685928,25.46,0.227511682,0.06640625,1.448952156,0.070212227,2.685225006,0.38,323,2.94,-0.130983621,10997
155,5.26,0.093150594,-1.53,0.178226981,-0.316483516,0.964545284,0.049019447,1.878572153,0.94,221,2.94,0,7517
156,12.43,0.067857434,4.24,0.263886258,0.098606645,0.901895451,0.054178438,2.663756746,0.75,202,2.45,-0.133167954,8258
157,6.93,0.060050785,5.03,0.2792694,-0.064390244,0.781356701,0.023837547,3.659795076,0.52,202,2.61,0.048236301,7726
158,7.7,0.116585397,-4.44,0.20232723,0.355578728,0.983684637,0.064964301,3.751617429,0.54,211,1.93,-0.212124156,10936
159,7.08,0.066236637,5.28,0.232488754,-0.026923077,0.888430107,0.034873587,2.978137002,1.05,211,1.98,0.020339684,10641
160,6.53,0.079107753,9.11,0.125096708,-0.027667984,0.776678117,0.025170185,0.408207464,1.22,233,2.20,0.071227509,10609
161,8.33,0.069347558,11.03,0.110177008,0.044715447,0.796883947,0.048611869,0.585348899,1.87,297,2.34,0.039821494,12689
162,4.33,0.071147403,7.82,0.198704924,0.163424125,0.875413131,0.053579034,0.922406273,3.9,297,2.01,-0.101032225,14763
163,5.71,0.055814247,0.73,0.205181499,1.535117057,2.113256483,0.13669416,2.00333056,0.62,298,0.79,-0.519724459,37610
164,5.21,0.058077554,10.9,0.171243442,-0.427440633,1.155249659,0.069527501,2.031780828,0.76,300,1.38,0.284884868,21700
165,1.21,0.00164019,6.76,0.741050112,-0.209627329,0.436889359,0.061432751,0.575007246,4.43,28,1.40,-0.030653741,2005
166,1.81,-0.016871758,5.48,0.732094378,0.083497053,0.450446848,0.038951114,0.456216323,3.63,47,2.16,0.291565572,2172
167,0.65,0.067330977,-8.2,0.717212828,0.092475068,0.48121362,0.052719609,0.590028248,4.19,37,1.56,-0.220240792,2373
168,0.42,-0.007902345,-3.15,0.713385383,0.03526971,0.495009608,0.041609864,0.580114931,4.77,49,1.99,0.14792013,2459
169,-1.13,-0.004753767,-1.15,0.724411032,-0.19238477,0.421179245,0.032880886,0.745050334,3.34,40,2.01,0.009331327,1986
170,1.64,0.071793369,-4.97,0.628421679,0.191066998,0.473697182,0.029579678,0.968142551,2.68,60,2.54,0.138549739,2365
171,0.91,0.009139715,0.81,0.608124073,0.020833333,0.481463213,0.022399481,1.388272308,2.67,51,2.11,-0.135458547,2415
172,0.85,0.011109243,-5.06,0.601943723,-0.224489796,0.373223653,0.030420004,1.435699597,2.33,51,2.72,0.182835828,1873
173,1.27,0.007444089,-0.47,0.593819709,0.05,0.381416802,0.053837887,0.439810565,1.83,63,3.20,0.118639567,1966
174,1.98,0.056495998,0.84,0.582489705,0.15037594,0.431605788,0.049957721,0.227156334,1.9,83,3.62,0.116259806,2295
175,1.71,-0.010013878,0,0.56761962,0.315904139,0.533280063,0.063903826,0.571168393,2.4,110,3.64,-0.058594164,3020
176,0.64,0.009125178,3.41,0.338789564,-0.066298343,0.511092978,0.042273322,4.952396726,12.21,3245,1.92,0.041964199,169000
177,3.64,0.022968415,18.4,0.329222288,-0.177514793,0.389251225,0.05270052,3.554898029,8.23,2496,1.80,-0.041964199,139000
178,2.05,0.06710654,-2.84,0.323107443,0.104316547,0.427124633,0.038849361,2.586664519,8.9,1997,1.30,-0.196710294,153500
179,4.1,0.079484552,0.57,0.306186707,0.013029316,0.420675944,0.046223604,1.50089973,14.89,2496,1.61,0.126441098,155500
180,3.81,0.059878071,-5.04,0.26636372,0.183279743,0.473362693,0.061211787,1.075654839,15.55,1997,1.09,-0.222186155,184000
181,3.11,0.099333421,-2.22,0.237001942,-0.02173913,0.459588123,0.027401372,1.10936919,12.62,1997,1.11,0.009523882,180000
182,5.86,0.049646611,0.41,0.186675551,-0.075,0.39608929,0.020234624,0.508953174,13.41,2000,1.20,0.041769413,166500
183,5.74,0.013737889,6.63,0.18558971,0.057057057,0.397113504,0.025792895,1.429160593,13.55,2500,1.42,0.09531018,176000
184,1.77,0.003315044,8.01,0.244013093,-0.161931818,0.328059033,0.038182301,1.554230785,13.73,2000,1.36,-0.025105921,147500
185,1.99,0.043956231,3.9,0.280289986,0.125423729,0.359298616,0.062528963,2.327495077,10.47,2000,1.20,-0.070204259,166000
186,7.26,0.021684267,14.54,0.333671308,-0.069277108,0.296502002,0.040984616,2.23128513,8.13,2500,1.62,0.174716957,154500
187,16.13,0.116416378,20.71,0.311822057,0.339939024,1.254641439,0.039010195,2.93500142,26.91,366,0.83,-0.059316577,43950
188,13.18,0.188795375,-11.27,0.242096366,0.072810011,1.127368182,0.025565201,0.863153134,26.32,366,0.78,-0.033901552,47150
189,8.53,0.065101962,8.56,0.25525824,0.162248144,1.183872058,0.038565181,1.9185498,25.22,313,0.57,-0.115630182,54800
190,6.83,0.081937293,4,0.246541544,-0.27919708,0.791126791,0.027562864,3.83155756,28.82,311,0.79,0.127058878,39500
191,7.85,0.067706152,0,0.232993469,0.034177215,0.744593592,0.045980841,3.287222739,34.1,359,0.88,0.055262679,40850
192,6.01,0.073103996,0.37,0.23927822,-0.084455324,0.633507157,0.026142702,0.855647903,36.52,359,0.96,0.042111485,37400
193,5.97,0.072660117,15.76,0.222805256,-0.044117647,0.562256575,0.021517444,0.921809814,36.64,410,1.15,0.088728116,35750
194,8,0.117467053,6.28,0.225167793,0.005594406,0.512299566,0.035016768,1.074057727,36.21,513,1.43,0.119877277,35950
195,5.64,0.036120266,-3.55,0.301848162,0.037552156,0.495121789,0.03797636,1.160646372,37.73,513,1.38,-0.021142437,37300
196,4.41,0.122295521,9.99,0.24972001,0.847184987,0.848985196,0.068053674,1.277980177,27.53,500,0.73,-0.302029521,68900
197,5.33,0.006882052,7.92,0.280459627,0.101596517,0.876732673,0.07908888,1.824399445,26.11,600,0.79,0.034094211,75900
198,6.66,0.258819256,2.71,0.477439875,-0.184432938,0.89733663,0.038300826,1.720765334,40.96,3017,5.78,0.175037446,52211
199,4.47,0.156263577,2.27,0.497773055,0.077742279,0.957908402,0.032091443,1.536370181,44.14,3011,5.35,-0.067502003,56270
200,6.17,0.133899121,1.85,0.466953888,0.508171177,1.310936536,0.038534633,1.618775257,48.01,3063,3.61,-0.343198719,84866
201,6.6,0.131611742,3.38,0.454275407,0.165234483,1.419164795,0.035671254,1.149362142,43.47,3065,3.10,-0.119014108,98887
202,5.36,0.132188416,-0.16,0.462094229,-0.195891003,1.131819145,0.034362968,1.126336243,39.38,3254,4.09,0.225358392,79516
203,5.54,0.135574499,-0.26,0.485058007,0.03942768,1.1222754,0.029136708,0.629629521,40.78,3245,3.93,-0.034206755,82652
204,8.21,0.115344599,2.51,0.460667032,0.191963362,1.195788212,0.027272516,0.670024875,41.43,3245,3.29,-0.139304172,98518
205,8.26,0.102258014,-3.69,0.472511807,0.009377646,0.973675646,0.031809891,1.596026316,41.83,3297,3.32,-0.010582109,99441
206,1.98,0.089350752,5.15,0.488395395,-0.116884234,0.84200404,0.021557417,1.556159803,37.19,3356,3.82,0.099171188,87818
207,3.24,0.121524621,4.96,0.490757092,0,0.787724286,0.04062445,3.611412466,33.94,3286,3.74,0.003846159,87818
208,7.83,0.162765073,0,0.60094852,0.409994155,1.027185758,0.040676227,3.322308434,44.56,3295,5.69,0.250034018,57900
209,6.34,0.076859997,19.5,0.384468167,-0.323717949,0.355979073,0.039972124,0.640494601,2.34,154,4.87,0.309996563,3165
210,5.77,0.07011876,1.62,0.356238631,0.055292259,0.35366923,0.026279184,1.627953726,2.02,154,4.61,-0.044530955,3340
211,1.77,0.078866832,9.58,0.352627115,0.461077844,0.506395072,0.033490469,1.678481457,7.8,154,3.16,-0.299285256,4880
212,1.67,0.055769047,-8.56,0.373790887,0.18852459,0.627669953,0.023993693,2.490307879,6.69,154,2.66,-0.125490797,5800
213,-1.85,0.049492054,-13.2,0.448940744,-0.003448276,0.656443018,0.023235187,2.338803113,4.98,185,3.20,0.135270826,5780
214,0.9,0.034948517,25.67,0.473143953,-0.167820069,0.535410716,0.018934968,2.061746832,4.21,205,4.26,0.227513551,4810
215,1.59,0.084025769,26.77,0.444921612,0.081081081,0.576989803,0.017353354,1.850486423,3.46,205,3.94,-0.061957875,5200
216,2.84,0.033674694,-0.05,0.42823741,0.073076923,0.525576665,0.059334038,1.819899265,5.13,223,4.00,0.018386626,5580
217,4.63,0.106492059,-7.79,0.388623659,0.023297491,0.486292763,0.037192723,0.98337853,3.85,375,6.57,0.414867461,5710
218,1.58,0.049220491,-17.12,0.361523909,0.031523643,0.498137561,0.049436733,1.527972513,3.41,240,4.07,-0.398802858,5890
219,5.02,0.105492658,20,0.340754473,0.137521222,0.508024108,0.051570433,1.532655647,2.51,267,3.99,-0.005994024,6700
220,9.21,0.08538999,34.69,0.154533913,-0.264277716,0.534343174,0.063125615,3.114674943,0.51,154,4.69,0.244922997,3285
221,8.25,0.098925138,4.32,0.142487109,0.312024353,0.646549673,0.067778406,3.611735502,3.28,154,3.57,-0.217772008,4310
222,4.36,0.091654542,-7.07,0.14509319,0.280742459,0.739552803,0.047043705,4.305008711,3.88,154,2.79,-0.185899378,5520
223,5.7,0.09851908,4,0.163032757,0.003623188,0.678861913,0.038901232,2.568274388,2.58,154,2.78,-0.002691792,5540
224,4.64,0.036993547,-5.66,0.171435929,0.160649819,0.763327561,0.04026098,1.976115719,1.08,154,2.40,-0.108059573,6430
225,3.31,0.042166818,0.84,0.154328614,-0.183514774,0.636800853,0.028353033,0.706823882,0.2,154,2.93,0.147694879,5250
226,1.47,0.057297322,-4.77,0.119321152,-0.13047619,0.543359551,0.02203526,1.197539143,0.35,154,3.37,0.105619549,4565
227,2.49,0.039497711,-2.96,0.123372315,0.016429354,0.498388829,0.032839582,1.591822854,1.38,153,3.30,-0.01408474,4640
228,7.59,0.24463951,-11.82,0.12630889,0.131465517,0.513963086,0.065410916,0.921809814,4.02,151,2.88,-0.09153481,5250
229,5.6,0.062385751,12.5,0.117124802,1.695238095,1.321556819,0.129265915,3.278841259,1.67,200,1.41,-0.471040436,14150
230,7.24,0.083283547,14.89,0.122940372,-0.127208481,1.016143676,0.08683066,2.570415012,2.1,220,1.78,0.14282418,12350
